12|ACAJETE|1
12|ACAJETE|2
12|ACAJETE|3
12|ACAJETE|4
12|ACAJETE|5
12|ACAJETE|6
12|ACAJETE|7
12|ACAJETE|8
12|ACAJETE|9
12|ACAJETE|10
12|ACAJETE|11
12|ACAJETE|12
12|ACAJETE|13
12|ACAJETE|14
12|ACAJETE|16
12|ACAJETE|17
12|ACAJETE|18
12|ACAJETE|19
6|ACATENO|20
6|ACATENO|21
6|ACATENO|22
6|ACATENO|23
6|ACATENO|24
6|ACATENO|25
6|ACATENO|26
6|ACATENO|27
23|ACATLAN|28
23|ACATLAN|29
23|ACATLAN|30
23|ACATLAN|31
23|ACATLAN|32
23|ACATLAN|33
23|ACATLAN|35
23|ACATLAN|36
23|ACATLAN|37
23|ACATLAN|38
23|ACATLAN|39
23|ACATLAN|40
23|ACATLAN|41
23|ACATLAN|42
23|ACATLAN|43
23|ACATLAN|44
13|ACATZINGO|45
13|ACATZINGO|46
13|ACATZINGO|47
13|ACATZINGO|48
13|ACATZINGO|49
13|ACATZINGO|50
13|ACATZINGO|51
13|ACATZINGO|52
13|ACATZINGO|53
13|ACATZINGO|54
13|ACATZINGO|55
13|ACATZINGO|56
13|ACATZINGO|57
13|ACATZINGO|58
13|ACATZINGO|59
13|ACATZINGO|60
22|ACTEOPAN|61
22|ACTEOPAN|62
22|ACTEOPAN|63
3|AHUACATLAN|64
3|AHUACATLAN|65
3|AHUACATLAN|66
3|AHUACATLAN|67
3|AHUACATLAN|68
3|AHUACATLAN|69
3|AHUACATLAN|70
23|AHUATLAN|71
23|AHUATLAN|72
23|AHUATLAN|73
23|AHUATLAN|74
2|AHUAZOTEPEC|75
2|AHUAZOTEPEC|76
2|AHUAZOTEPEC|77
2|AHUAZOTEPEC|78
23|AHUEHUETITLA|79
26|AJALPAN|80
26|AJALPAN|81
26|AJALPAN|82
26|AJALPAN|83
26|AJALPAN|84
26|AJALPAN|85
26|AJALPAN|86
26|AJALPAN|87
26|AJALPAN|88
26|AJALPAN|89
26|AJALPAN|90
26|AJALPAN|91
26|AJALPAN|92
26|AJALPAN|93
26|AJALPAN|94
26|AJALPAN|95
26|AJALPAN|97
26|AJALPAN|98
26|AJALPAN|99
26|AJALPAN|100
26|AJALPAN|101
23|ALBINO ZERTUCHE|102
14|ALJOJUCA|103
14|ALJOJUCA|104
14|ALJOJUCA|105
14|ALJOJUCA|106
26|ALTEPEXI|107
26|ALTEPEXI|108
26|ALTEPEXI|109
26|ALTEPEXI|110
26|ALTEPEXI|111
26|ALTEPEXI|112
3|AMIXTLAN|113
3|AMIXTLAN|114
3|AMIXTLAN|115
12|AMOZOC|116
12|AMOZOC|117
12|AMOZOC|118
12|AMOZOC|119
12|AMOZOC|120
12|AMOZOC|121
12|AMOZOC|122
12|AMOZOC|123
12|AMOZOC|124
12|AMOZOC|125
12|AMOZOC|126
12|AMOZOC|127
12|AMOZOC|128
12|AMOZOC|129
12|AMOZOC|130
12|AMOZOC|131
12|AMOZOC|132
12|AMOZOC|133
3|AQUIXTLA|134
3|AQUIXTLA|135
3|AQUIXTLA|136
3|AQUIXTLA|137
3|AQUIXTLA|138
6|ATEMPAN|139
6|ATEMPAN|140
6|ATEMPAN|141
6|ATEMPAN|142
6|ATEMPAN|143
6|ATEMPAN|144
6|ATEMPAN|146
6|ATEMPAN|147
24|ATEXCAL|148
24|ATEXCAL|149
24|ATEXCAL|150
24|ATEXCAL|151
24|ATEXCAL|152
24|ATEXCAL|153
21|ATLIXCO|154
21|ATLIXCO|155
21|ATLIXCO|156
21|ATLIXCO|157
21|ATLIXCO|158
21|ATLIXCO|159
21|ATLIXCO|160
21|ATLIXCO|161
21|ATLIXCO|162
21|ATLIXCO|163
21|ATLIXCO|164
21|ATLIXCO|165
21|ATLIXCO|166
21|ATLIXCO|167
21|ATLIXCO|168
21|ATLIXCO|169
21|ATLIXCO|170
21|ATLIXCO|171
21|ATLIXCO|172
21|ATLIXCO|173
21|ATLIXCO|174
21|ATLIXCO|175
21|ATLIXCO|176
21|ATLIXCO|177
21|ATLIXCO|178
21|ATLIXCO|179
21|ATLIXCO|180
21|ATLIXCO|181
21|ATLIXCO|182
21|ATLIXCO|183
21|ATLIXCO|184
21|ATLIXCO|185
21|ATLIXCO|186
21|ATLIXCO|187
21|ATLIXCO|188
21|ATLIXCO|189
21|ATLIXCO|190
21|ATLIXCO|191
21|ATLIXCO|192
21|ATLIXCO|193
21|ATLIXCO|194
21|ATLIXCO|195
21|ATLIXCO|196
21|ATLIXCO|197
21|ATLIXCO|198
21|ATLIXCO|199
21|ATLIXCO|200
21|ATLIXCO|201
21|ATLIXCO|202
21|ATLIXCO|203
21|ATLIXCO|204
21|ATLIXCO|205
21|ATLIXCO|206
21|ATLIXCO|207
21|ATLIXCO|208
21|ATLIXCO|209
21|ATLIXCO|210
21|ATLIXCO|211
21|ATLIXCO|212
21|ATLIXCO|213
21|ATLIXCO|214
21|ATLIXCO|215
21|ATLIXCO|216
21|ATLIXCO|217
21|ATLIXCO|218
21|ATLIXCO|219
21|ATLIXCO|220
21|ATLIXCO|221
13|ATOYATEMPAN|222
13|ATOYATEMPAN|223
22|ATZALA|224
22|ATZITZIHUACAN|225
22|ATZITZIHUACAN|226
22|ATZITZIHUACAN|227
22|ATZITZIHUACAN|228
22|ATZITZIHUACAN|229
22|ATZITZIHUACAN|230
22|ATZITZIHUACAN|231
22|ATZITZIHUACAN|232
22|ATZITZIHUACAN|233
14|ATZITZINTLA|234
14|ATZITZINTLA|235
14|ATZITZINTLA|236
14|ATZITZINTLA|237
14|ATZITZINTLA|238
23|AXUTLA|239
23|AXUTLA|240
6|AYOTOXCO DE GUERRERO|241
6|AYOTOXCO DE GUERRERO|242
6|AYOTOXCO DE GUERRERO|243
6|AYOTOXCO DE GUERRERO|244
8|CALPAN|245
8|CALPAN|246
8|CALPAN|247
8|CALPAN|248
8|CALPAN|249
8|CALPAN|250
8|CALPAN|251
8|CALPAN|252
24|CALTEPEC|253
24|CALTEPEC|254
24|CALTEPEC|255
24|CALTEPEC|256
24|CALTEPEC|257
24|CALTEPEC|258
24|CALTEPEC|259
3|CAMOCUAUTLA|260
3|CAMOCUAUTLA|261
15|CAÑADA MORELOS|262
15|CAÑADA MORELOS|263
15|CAÑADA MORELOS|264
15|CAÑADA MORELOS|265
15|CAÑADA MORELOS|266
15|CAÑADA MORELOS|267
15|CAÑADA MORELOS|268
15|CAÑADA MORELOS|269
15|CAÑADA MORELOS|270
4|CAXHUACAN|271
4|CAXHUACAN|272
3|COATEPEC|273
23|COATZINGO|274
23|COATZINGO|275
23|COATZINGO|276
23|COHETZALA|277
23|COHETZALA|278
22|COHUECAN|279
22|COHUECAN|280
22|COHUECAN|281
8|CORONANGO|282
8|CORONANGO|283
8|CORONANGO|284
8|CORONANGO|285
8|CORONANGO|286
8|CORONANGO|287
8|CORONANGO|288
8|CORONANGO|289
8|CORONANGO|290
8|CORONANGO|291
8|CORONANGO|292
8|CORONANGO|293
26|COXCATLAN|294
26|COXCATLAN|295
26|COXCATLAN|296
26|COXCATLAN|297
26|COXCATLAN|298
26|COXCATLAN|299
26|COXCATLAN|300
26|COXCATLAN|301
26|COXCATLAN|302
26|COXCATLAN|303
26|COXCATLAN|304
26|COXCATLAN|305
26|COYOMEAPAN|306
26|COYOMEAPAN|307
26|COYOMEAPAN|308
26|COYOMEAPAN|309
26|COYOMEAPAN|310
26|COYOMEAPAN|311
26|COYOMEAPAN|312
26|COYOMEAPAN|313
24|COYOTEPEC|314
24|COYOTEPEC|315
24|COYOTEPEC|316
13|CUAPIAXTLA DE MADERO|318
3|CUAUTEMPAN|319
3|CUAUTEMPAN|320
3|CUAUTEMPAN|321
3|CUAUTEMPAN|322
12|CUAUTINCHAN|323
9|CUAUTLANCINGO|325
9|CUAUTLANCINGO|326
9|CUAUTLANCINGO|327
9|CUAUTLANCINGO|328
9|CUAUTLANCINGO|329
9|CUAUTLANCINGO|331
9|CUAUTLANCINGO|332
9|CUAUTLANCINGO|333
9|CUAUTLANCINGO|334
9|CUAUTLANCINGO|335
9|CUAUTLANCINGO|336
9|CUAUTLANCINGO|337
9|CUAUTLANCINGO|338
9|CUAUTLANCINGO|339
23|CUAYUCA DE ANDRADE|340
23|CUAYUCA DE ANDRADE|341
23|CUAYUCA DE ANDRADE|342
23|CUAYUCA DE ANDRADE|343
4|CUETZALAN DEL PROGRESO|344
4|CUETZALAN DEL PROGRESO|345
4|CUETZALAN DEL PROGRESO|346
4|CUETZALAN DEL PROGRESO|347
4|CUETZALAN DEL PROGRESO|348
4|CUETZALAN DEL PROGRESO|349
4|CUETZALAN DEL PROGRESO|350
4|CUETZALAN DEL PROGRESO|351
4|CUETZALAN DEL PROGRESO|352
4|CUETZALAN DEL PROGRESO|353
4|CUETZALAN DEL PROGRESO|354
4|CUETZALAN DEL PROGRESO|355
4|CUETZALAN DEL PROGRESO|356
4|CUETZALAN DEL PROGRESO|357
4|CUETZALAN DEL PROGRESO|358
4|CUETZALAN DEL PROGRESO|359
4|CUETZALAN DEL PROGRESO|360
4|CUETZALAN DEL PROGRESO|361
4|CUETZALAN DEL PROGRESO|362
4|CUETZALAN DEL PROGRESO|363
5|CUYOACO|364
5|CUYOACO|365
5|CUYOACO|366
5|CUYOACO|367
5|CUYOACO|368
5|CUYOACO|369
5|CUYOACO|370
14|CHALCHICOMULA DE SESMA|371
14|CHALCHICOMULA DE SESMA|372
14|CHALCHICOMULA DE SESMA|373
14|CHALCHICOMULA DE SESMA|374
14|CHALCHICOMULA DE SESMA|375
14|CHALCHICOMULA DE SESMA|376
14|CHALCHICOMULA DE SESMA|377
14|CHALCHICOMULA DE SESMA|378
14|CHALCHICOMULA DE SESMA|379
14|CHALCHICOMULA DE SESMA|380
14|CHALCHICOMULA DE SESMA|381
14|CHALCHICOMULA DE SESMA|382
14|CHALCHICOMULA DE SESMA|383
14|CHALCHICOMULA DE SESMA|384
14|CHALCHICOMULA DE SESMA|385
14|CHALCHICOMULA DE SESMA|386
14|CHALCHICOMULA DE SESMA|387
14|CHALCHICOMULA DE SESMA|388
14|CHALCHICOMULA DE SESMA|389
14|CHALCHICOMULA DE SESMA|390
14|CHALCHICOMULA DE SESMA|391
14|CHALCHICOMULA DE SESMA|392
14|CHALCHICOMULA DE SESMA|393
14|CHALCHICOMULA DE SESMA|394
25|CHAPULCO|395
25|CHAPULCO|396
25|CHAPULCO|397
23|CHIAUTLA|398
23|CHIAUTLA|399
23|CHIAUTLA|400
23|CHIAUTLA|401
23|CHIAUTLA|402
23|CHIAUTLA|403
23|CHIAUTLA|404
23|CHIAUTLA|405
23|CHIAUTLA|406
23|CHIAUTLA|407
23|CHIAUTLA|408
23|CHIAUTLA|409
23|CHIAUTLA|410
23|CHIAUTLA|411
23|CHIAUTLA|412
23|CHIAUTLA|413
23|CHIAUTLA|414
8|CHIAUTZINGO|415
8|CHIAUTZINGO|416
8|CHIAUTZINGO|417
8|CHIAUTZINGO|418
8|CHIAUTZINGO|419
8|CHIAUTZINGO|420
8|CHIAUTZINGO|421
8|CHIAUTZINGO|422
2|CHICONCUAUTLA|423
2|CHICONCUAUTLA|424
2|CHICONCUAUTLA|425
2|CHICONCUAUTLA|426
2|CHICONCUAUTLA|427
2|CHICONCUAUTLA|428
2|CHICONCUAUTLA|429
5|CHICHIQUILA|430
5|CHICHIQUILA|431
5|CHICHIQUILA|432
5|CHICHIQUILA|433
5|CHICHIQUILA|434
5|CHICHIQUILA|435
5|CHICHIQUILA|436
5|CHICHIQUILA|437
5|CHICHIQUILA|438
22|CHIETLA|439
22|CHIETLA|440
22|CHIETLA|441
22|CHIETLA|442
22|CHIETLA|443
22|CHIETLA|444
22|CHIETLA|445
22|CHIETLA|446
22|CHIETLA|447
22|CHIETLA|448
22|CHIETLA|449
22|CHIETLA|450
22|CHIETLA|451
22|CHIETLA|452
22|CHIETLA|453
22|CHIETLA|454
22|CHIETLA|455
22|CHIETLA|456
22|CHIETLA|457
22|CHIETLA|458
23|CHIGMECATITLAN|459
23|CHIGMECATITLAN|460
3|CHIGNAHUAPAN|461
3|CHIGNAHUAPAN|462
3|CHIGNAHUAPAN|463
3|CHIGNAHUAPAN|464
3|CHIGNAHUAPAN|465
3|CHIGNAHUAPAN|466
3|CHIGNAHUAPAN|467
3|CHIGNAHUAPAN|469
3|CHIGNAHUAPAN|470
3|CHIGNAHUAPAN|471
3|CHIGNAHUAPAN|472
3|CHIGNAHUAPAN|473
3|CHIGNAHUAPAN|474
3|CHIGNAHUAPAN|475
3|CHIGNAHUAPAN|476
3|CHIGNAHUAPAN|477
3|CHIGNAHUAPAN|478
3|CHIGNAHUAPAN|479
3|CHIGNAHUAPAN|480
3|CHIGNAHUAPAN|481
3|CHIGNAHUAPAN|482
3|CHIGNAHUAPAN|483
3|CHIGNAHUAPAN|484
3|CHIGNAHUAPAN|485
3|CHIGNAHUAPAN|486
3|CHIGNAHUAPAN|487
3|CHIGNAHUAPAN|488
6|CHIGNAUTLA|489
6|CHIGNAUTLA|490
6|CHIGNAUTLA|491
6|CHIGNAUTLA|492
6|CHIGNAUTLA|495
23|CHILA|496
23|CHILA|497
23|CHILA|498
23|CHILA|499
23|CHILA DE LA SAL|500
23|CHILA DE LA SAL|501
1|HONEY|502
1|HONEY|503
1|HONEY|504
5|CHILCHOTLA|505
5|CHILCHOTLA|506
5|CHILCHOTLA|507
5|CHILCHOTLA|508
5|CHILCHOTLA|509
5|CHILCHOTLA|510
5|CHILCHOTLA|511
23|CHINANTLA|512
23|CHINANTLA|513
23|CHINANTLA|514
8|DOMINGO ARENAS|515
8|DOMINGO ARENAS|516
8|DOMINGO ARENAS|517
26|ELOXOCHITLAN|518
26|ELOXOCHITLAN|519
26|ELOXOCHITLAN|520
26|ELOXOCHITLAN|521
26|ELOXOCHITLAN|522
26|ELOXOCHITLAN|523
22|EPATLAN|524
22|EPATLAN|525
14|ESPERANZA|526
14|ESPERANZA|527
14|ESPERANZA|528
14|ESPERANZA|529
14|ESPERANZA|530
14|ESPERANZA|531
14|ESPERANZA|532
14|ESPERANZA|533
14|ESPERANZA|534
1|FRANCISCO Z. MENA|535
1|FRANCISCO Z. MENA|536
1|FRANCISCO Z. MENA|537
1|FRANCISCO Z. MENA|538
1|FRANCISCO Z. MENA|539
1|FRANCISCO Z. MENA|540
1|FRANCISCO Z. MENA|541
1|FRANCISCO Z. MENA|542
1|FRANCISCO Z. MENA|543
14|GENERAL FELIPE ANGELES|544
14|GENERAL FELIPE ANGELES|545
14|GENERAL FELIPE ANGELES|546
14|GENERAL FELIPE ANGELES|547
14|GENERAL FELIPE ANGELES|548
14|GENERAL FELIPE ANGELES|549
14|GENERAL FELIPE ANGELES|550
23|GUADALUPE|551
23|GUADALUPE|552
23|GUADALUPE|553
23|GUADALUPE|554
5|GUADALUPE VICTORIA|555
5|GUADALUPE VICTORIA|556
5|GUADALUPE VICTORIA|557
5|GUADALUPE VICTORIA|558
5|GUADALUPE VICTORIA|559
5|GUADALUPE VICTORIA|560
5|GUADALUPE VICTORIA|561
5|GUADALUPE VICTORIA|562
5|GUADALUPE VICTORIA|563
5|GUADALUPE VICTORIA|564
3|HERMENEGILDO GALEANA|565
3|HERMENEGILDO GALEANA|566
3|HERMENEGILDO GALEANA|567
3|HERMENEGILDO GALEANA|568
22|HUAQUECHULA|569
22|HUAQUECHULA|570
22|HUAQUECHULA|571
22|HUAQUECHULA|572
22|HUAQUECHULA|573
22|HUAQUECHULA|574
22|HUAQUECHULA|575
22|HUAQUECHULA|576
22|HUAQUECHULA|577
22|HUAQUECHULA|578
22|HUAQUECHULA|579
22|HUAQUECHULA|580
22|HUAQUECHULA|581
22|HUAQUECHULA|582
22|HUAQUECHULA|583
22|HUAQUECHULA|584
22|HUAQUECHULA|585
22|HUAQUECHULA|586
22|HUAQUECHULA|587
23|HUATLATLAUCA|588
23|HUATLATLAUCA|589
23|HUATLATLAUCA|590
23|HUATLATLAUCA|591
23|HUATLATLAUCA|592
23|HUATLATLAUCA|593
2|HUAUCHINANGO|594
2|HUAUCHINANGO|595
2|HUAUCHINANGO|596
2|HUAUCHINANGO|597
2|HUAUCHINANGO|598
2|HUAUCHINANGO|599
2|HUAUCHINANGO|600
2|HUAUCHINANGO|601
2|HUAUCHINANGO|602
2|HUAUCHINANGO|603
2|HUAUCHINANGO|604
2|HUAUCHINANGO|605
2|HUAUCHINANGO|606
2|HUAUCHINANGO|607
2|HUAUCHINANGO|608
2|HUAUCHINANGO|609
2|HUAUCHINANGO|610
2|HUAUCHINANGO|611
2|HUAUCHINANGO|612
2|HUAUCHINANGO|613
2|HUAUCHINANGO|614
2|HUAUCHINANGO|615
2|HUAUCHINANGO|616
2|HUAUCHINANGO|617
2|HUAUCHINANGO|618
2|HUAUCHINANGO|619
2|HUAUCHINANGO|620
2|HUAUCHINANGO|621
2|HUAUCHINANGO|622
2|HUAUCHINANGO|623
2|HUAUCHINANGO|624
2|HUAUCHINANGO|625
2|HUAUCHINANGO|626
2|HUAUCHINANGO|627
2|HUAUCHINANGO|628
2|HUAUCHINANGO|629
2|HUAUCHINANGO|630
4|HUEHUETLA|631
4|HUEHUETLA|632
4|HUEHUETLA|633
4|HUEHUETLA|634
4|HUEHUETLA|635
4|HUEHUETLA|636
4|HUEHUETLA|637
4|HUEHUETLA|638
4|HUEHUETLA|639
23|HUEHUETLAN EL CHICO|640
23|HUEHUETLAN EL CHICO|641
23|HUEHUETLAN EL CHICO|642
23|HUEHUETLAN EL CHICO|643
23|HUEHUETLAN EL CHICO|644
23|HUEHUETLAN EL CHICO|645
23|HUEHUETLAN EL GRANDE|646
23|HUEHUETLAN EL GRANDE|647
23|HUEHUETLAN EL GRANDE|648
23|HUEHUETLAN EL GRANDE|649
23|HUEHUETLAN EL GRANDE|650
8|HUEJOTZINGO|651
8|HUEJOTZINGO|652
8|HUEJOTZINGO|653
8|HUEJOTZINGO|654
8|HUEJOTZINGO|655
8|HUEJOTZINGO|656
8|HUEJOTZINGO|657
8|HUEJOTZINGO|658
8|HUEJOTZINGO|659
8|HUEJOTZINGO|660
8|HUEJOTZINGO|661
8|HUEJOTZINGO|662
8|HUEJOTZINGO|663
8|HUEJOTZINGO|664
8|HUEJOTZINGO|665
8|HUEJOTZINGO|666
8|HUEJOTZINGO|667
8|HUEJOTZINGO|668
8|HUEJOTZINGO|669
8|HUEJOTZINGO|670
8|HUEJOTZINGO|671
8|HUEJOTZINGO|672
4|HUEYAPAN|673
4|HUEYAPAN|674
4|HUEYAPAN|675
4|HUEYAPAN|676
4|HUEYAPAN|677
6|HUEYTAMALCO|678
6|HUEYTAMALCO|679
6|HUEYTAMALCO|680
6|HUEYTAMALCO|681
6|HUEYTAMALCO|682
6|HUEYTAMALCO|683
6|HUEYTAMALCO|684
6|HUEYTAMALCO|685
6|HUEYTAMALCO|686
6|HUEYTAMALCO|687
6|HUEYTAMALCO|688
6|HUEYTAMALCO|689
6|HUEYTAMALCO|690
6|HUEYTAMALCO|691
6|HUEYTAMALCO|692
4|HUEYTLALPAN|693
4|HUEYTLALPAN|694
4|HUEYTLALPAN|695
3|HUITZILAN DE SERDAN|696
3|HUITZILAN DE SERDAN|697
3|HUITZILAN DE SERDAN|698
3|HUITZILAN DE SERDAN|699
3|HUITZILAN DE SERDAN|700
13|HUITZILTEPEC|701
13|HUITZILTEPEC|702
13|HUITZILTEPEC|703
4|ATLEQUIZAYAN|704
4|ATLEQUIZAYAN|705
23|IXCAMILPA DE GUERRERO|706
23|IXCAMILPA DE GUERRERO|707
23|IXCAMILPA DE GUERRERO|708
24|IXCAQUIXTLA|709
24|IXCAQUIXTLA|710
24|IXCAQUIXTLA|711
3|IXTACAMAXTITLAN|712
3|IXTACAMAXTITLAN|713
3|IXTACAMAXTITLAN|714
3|IXTACAMAXTITLAN|715
3|IXTACAMAXTITLAN|716
3|IXTACAMAXTITLAN|717
3|IXTACAMAXTITLAN|718
3|IXTACAMAXTITLAN|719
3|IXTACAMAXTITLAN|720
3|IXTACAMAXTITLAN|721
3|IXTACAMAXTITLAN|722
3|IXTACAMAXTITLAN|723
3|IXTACAMAXTITLAN|724
3|IXTACAMAXTITLAN|725
3|IXTACAMAXTITLAN|726
4|IXTEPEC|727
4|IXTEPEC|728
4|IXTEPEC|729
22|IZUCAR DE MATAMOROS|730
22|IZUCAR DE MATAMOROS|731
22|IZUCAR DE MATAMOROS|732
22|IZUCAR DE MATAMOROS|733
22|IZUCAR DE MATAMOROS|734
22|IZUCAR DE MATAMOROS|735
22|IZUCAR DE MATAMOROS|736
22|IZUCAR DE MATAMOROS|737
22|IZUCAR DE MATAMOROS|738
22|IZUCAR DE MATAMOROS|739
22|IZUCAR DE MATAMOROS|740
22|IZUCAR DE MATAMOROS|741
22|IZUCAR DE MATAMOROS|742
22|IZUCAR DE MATAMOROS|743
22|IZUCAR DE MATAMOROS|744
22|IZUCAR DE MATAMOROS|745
22|IZUCAR DE MATAMOROS|746
22|IZUCAR DE MATAMOROS|747
22|IZUCAR DE MATAMOROS|748
22|IZUCAR DE MATAMOROS|749
22|IZUCAR DE MATAMOROS|750
22|IZUCAR DE MATAMOROS|751
22|IZUCAR DE MATAMOROS|752
22|IZUCAR DE MATAMOROS|753
22|IZUCAR DE MATAMOROS|754
22|IZUCAR DE MATAMOROS|755
22|IZUCAR DE MATAMOROS|756
22|IZUCAR DE MATAMOROS|757
22|IZUCAR DE MATAMOROS|758
22|IZUCAR DE MATAMOROS|759
22|IZUCAR DE MATAMOROS|760
22|IZUCAR DE MATAMOROS|761
22|IZUCAR DE MATAMOROS|762
22|IZUCAR DE MATAMOROS|763
1|JALPAN|764
1|JALPAN|765
1|JALPAN|766
1|JALPAN|767
1|JALPAN|768
1|JALPAN|769
23|JOLALPAN|770
23|JOLALPAN|771
23|JOLALPAN|772
23|JOLALPAN|773
23|JOLALPAN|774
23|JOLALPAN|775
4|JONOTLA|776
4|JONOTLA|777
4|JONOTLA|778
1|JOPALA|779
1|JOPALA|780
1|JOPALA|781
1|JOPALA|782
1|JOPALA|783
1|JOPALA|784
1|JOPALA|785
8|JUAN C. BONILLA|786
8|JUAN C. BONILLA|787
8|JUAN C. BONILLA|788
8|JUAN C. BONILLA|789
8|JUAN C. BONILLA|790
8|JUAN C. BONILLA|791
2|JUAN GALINDO|792
2|JUAN GALINDO|793
2|JUAN GALINDO|794
2|JUAN GALINDO|795
2|JUAN GALINDO|796
24|JUAN N. MENDEZ|797
24|JUAN N. MENDEZ|798
24|JUAN N. MENDEZ|799
24|JUAN N. MENDEZ|800
5|LAFRAGUA|801
5|LAFRAGUA|802
5|LAFRAGUA|803
5|LAFRAGUA|804
5|LAFRAGUA|805
5|LAFRAGUA|806
5|LAFRAGUA|807
5|LAFRAGUA|808
5|LIBRES|809
5|LIBRES|810
5|LIBRES|811
5|LIBRES|812
5|LIBRES|813
5|LIBRES|814
5|LIBRES|815
5|LIBRES|816
5|LIBRES|817
5|LIBRES|818
5|LIBRES|819
23|LA MAGDALENA TLATLAUQUITEPEC|820
14|MAZAPILTEPEC DE JUAREZ|821
14|MAZAPILTEPEC DE JUAREZ|822
13|MIXTLA|823
13|MIXTLA|824
24|MOLCAXAC|825
24|MOLCAXAC|826
24|MOLCAXAC|827
24|MOLCAXAC|828
24|MOLCAXAC|829
1|NAUPAN|830
1|NAUPAN|831
1|NAUPAN|832
1|NAUPAN|833
1|NAUPAN|834
4|NAUZONTLA|835
4|NAUZONTLA|836
4|NAUZONTLA|837
21|NEALTICAN|838
21|NEALTICAN|839
21|NEALTICAN|840
21|NEALTICAN|841
25|NICOLAS BRAVO|842
25|NICOLAS BRAVO|843
25|NICOLAS BRAVO|844
25|NICOLAS BRAVO|845
14|NOPALUCAN|846
14|NOPALUCAN|847
14|NOPALUCAN|848
14|NOPALUCAN|850
14|NOPALUCAN|851
14|NOPALUCAN|852
14|NOPALUCAN|853
5|OCOTEPEC|854
5|OCOTEPEC|855
5|OCOTEPEC|856
21|OCOYUCAN|857
21|OCOYUCAN|858
21|OCOYUCAN|859
21|OCOYUCAN|860
21|OCOYUCAN|861
21|OCOYUCAN|862
21|OCOYUCAN|863
21|OCOYUCAN|864
21|OCOYUCAN|865
21|OCOYUCAN|866
4|OLINTLA|867
4|OLINTLA|868
4|OLINTLA|869
4|OLINTLA|870
4|OLINTLA|871
4|OLINTLA|872
4|OLINTLA|873
4|OLINTLA|874
14|ORIENTAL|875
14|ORIENTAL|876
14|ORIENTAL|877
14|ORIENTAL|878
14|ORIENTAL|879
14|ORIENTAL|880
14|ORIENTAL|881
14|ORIENTAL|882
1|PAHUATLAN|883
1|PAHUATLAN|884
1|PAHUATLAN|885
1|PAHUATLAN|886
1|PAHUATLAN|887
1|PAHUATLAN|888
1|PAHUATLAN|889
1|PAHUATLAN|890
1|PAHUATLAN|891
1|PAHUATLAN|892
1|PAHUATLAN|893
1|PAHUATLAN|894
1|PAHUATLAN|895
1|PAHUATLAN|896
15|PALMAR DE BRAVO|897
15|PALMAR DE BRAVO|898
15|PALMAR DE BRAVO|899
15|PALMAR DE BRAVO|900
15|PALMAR DE BRAVO|901
15|PALMAR DE BRAVO|902
15|PALMAR DE BRAVO|903
15|PALMAR DE BRAVO|904
15|PALMAR DE BRAVO|905
15|PALMAR DE BRAVO|906
15|PALMAR DE BRAVO|907
15|PALMAR DE BRAVO|908
15|PALMAR DE BRAVO|909
15|PALMAR DE BRAVO|910
15|PALMAR DE BRAVO|911
1|PANTEPEC|912
1|PANTEPEC|913
1|PANTEPEC|914
1|PANTEPEC|915
1|PANTEPEC|916
1|PANTEPEC|917
1|PANTEPEC|918
1|PANTEPEC|919
1|PANTEPEC|920
1|PANTEPEC|921
23|PETLALCINGO|922
23|PETLALCINGO|923
23|PETLALCINGO|924
23|PETLALCINGO|925
23|PETLALCINGO|926
23|PETLALCINGO|927
23|PIAXTLA|928
23|PIAXTLA|929
23|PIAXTLA|930
23|PIAXTLA|931
23|PIAXTLA|932
17|PUEBLA 17|933
17|PUEBLA 17|934
17|PUEBLA 17|935
17|PUEBLA 17|936
17|PUEBLA 17|937
17|PUEBLA 17|938
17|PUEBLA 17|939
17|PUEBLA 17|940
17|PUEBLA 17|941
17|PUEBLA 17|942
17|PUEBLA 17|943
17|PUEBLA 17|944
17|PUEBLA 17|945
9|PUEBLA 09|946
9|PUEBLA 09|947
9|PUEBLA 09|948
9|PUEBLA 09|949
9|PUEBLA 09|950
9|PUEBLA 09|951
9|PUEBLA 09|952
9|PUEBLA 09|953
9|PUEBLA 09|954
17|PUEBLA 17|955
17|PUEBLA 17|956
17|PUEBLA 17|957
17|PUEBLA 17|958
17|PUEBLA 17|959
17|PUEBLA 17|960
17|PUEBLA 17|961
17|PUEBLA 17|962
17|PUEBLA 17|963
17|PUEBLA 17|964
17|PUEBLA 17|965
17|PUEBLA 17|966
17|PUEBLA 17|967
17|PUEBLA 17|968
17|PUEBLA 17|969
17|PUEBLA 17|970
17|PUEBLA 17|971
17|PUEBLA 17|972
17|PUEBLA 17|973
9|PUEBLA 09|974
9|PUEBLA 09|975
9|PUEBLA 09|976
9|PUEBLA 09|977
9|PUEBLA 09|978
9|PUEBLA 09|979
9|PUEBLA 09|980
17|PUEBLA 17|981
17|PUEBLA 17|982
17|PUEBLA 17|983
17|PUEBLA 17|984
17|PUEBLA 17|985
17|PUEBLA 17|986
17|PUEBLA 17|987
17|PUEBLA 17|988
17|PUEBLA 17|989
17|PUEBLA 17|990
17|PUEBLA 17|991
17|PUEBLA 17|992
17|PUEBLA 17|993
17|PUEBLA 17|994
17|PUEBLA 17|995
17|PUEBLA 17|996
17|PUEBLA 17|997
17|PUEBLA 17|998
17|PUEBLA 17|999
17|PUEBLA 17|1000
17|PUEBLA 17|1001
17|PUEBLA 17|1002
17|PUEBLA 17|1003
17|PUEBLA 17|1004
9|PUEBLA 09|1005
9|PUEBLA 09|1006
9|PUEBLA 09|1007
9|PUEBLA 09|1008
9|PUEBLA 09|1009
9|PUEBLA 09|1010
17|PUEBLA 17|1011
17|PUEBLA 17|1012
17|PUEBLA 17|1013
17|PUEBLA 17|1014
17|PUEBLA 17|1015
17|PUEBLA 17|1016
17|PUEBLA 17|1017
17|PUEBLA 17|1018
17|PUEBLA 17|1019
17|PUEBLA 17|1020
17|PUEBLA 17|1021
17|PUEBLA 17|1022
17|PUEBLA 17|1023
17|PUEBLA 17|1024
17|PUEBLA 17|1025
17|PUEBLA 17|1026
9|PUEBLA 09|1027
9|PUEBLA 09|1028
9|PUEBLA 09|1029
9|PUEBLA 09|1030
17|PUEBLA 17|1031
17|PUEBLA 17|1032
17|PUEBLA 17|1033
17|PUEBLA 17|1034
17|PUEBLA 17|1035
17|PUEBLA 17|1036
17|PUEBLA 17|1037
17|PUEBLA 17|1038
17|PUEBLA 17|1039
17|PUEBLA 17|1040
10|PUEBLA 10|1041
10|PUEBLA 10|1042
10|PUEBLA 10|1043
17|PUEBLA 17|1044
17|PUEBLA 17|1045
9|PUEBLA 09|1046
9|PUEBLA 09|1047
9|PUEBLA 09|1048
9|PUEBLA 09|1049
9|PUEBLA 09|1050
17|PUEBLA 17|1051
17|PUEBLA 17|1052
17|PUEBLA 17|1053
10|PUEBLA 10|1054
9|PUEBLA 09|1055
9|PUEBLA 09|1056
9|PUEBLA 09|1057
9|PUEBLA 09|1058
9|PUEBLA 09|1059
9|PUEBLA 09|1060
9|PUEBLA 09|1061
9|PUEBLA 09|1062
10|PUEBLA 10|1063
10|PUEBLA 10|1064
10|PUEBLA 10|1066
10|PUEBLA 10|1067
10|PUEBLA 10|1068
9|PUEBLA 09|1069
9|PUEBLA 09|1070
9|PUEBLA 09|1071
10|PUEBLA 10|1072
10|PUEBLA 10|1073
10|PUEBLA 10|1074
10|PUEBLA 10|1075
10|PUEBLA 10|1076
10|PUEBLA 10|1077
10|PUEBLA 10|1078
9|PUEBLA 09|1079
17|PUEBLA 17|1080
17|PUEBLA 17|1081
17|PUEBLA 17|1082
17|PUEBLA 17|1083
17|PUEBLA 17|1084
17|PUEBLA 17|1085
17|PUEBLA 17|1086
17|PUEBLA 17|1087
17|PUEBLA 17|1088
17|PUEBLA 17|1089
17|PUEBLA 17|1090
17|PUEBLA 17|1091
9|PUEBLA 09|1092
9|PUEBLA 09|1093
9|PUEBLA 09|1094
9|PUEBLA 09|1095
9|PUEBLA 09|1096
17|PUEBLA 17|1097
17|PUEBLA 17|1098
17|PUEBLA 17|1099
17|PUEBLA 17|1100
17|PUEBLA 17|1101
17|PUEBLA 17|1102
17|PUEBLA 17|1103
17|PUEBLA 17|1104
17|PUEBLA 17|1105
17|PUEBLA 17|1106
17|PUEBLA 17|1107
17|PUEBLA 17|1108
17|PUEBLA 17|1109
17|PUEBLA 17|1110
17|PUEBLA 17|1111
17|PUEBLA 17|1112
17|PUEBLA 17|1113
17|PUEBLA 17|1114
17|PUEBLA 17|1115
17|PUEBLA 17|1116
17|PUEBLA 17|1117
17|PUEBLA 17|1118
17|PUEBLA 17|1119
17|PUEBLA 17|1120
17|PUEBLA 17|1121
17|PUEBLA 17|1122
17|PUEBLA 17|1123
17|PUEBLA 17|1124
17|PUEBLA 17|1125
17|PUEBLA 17|1126
9|PUEBLA 09|1128
17|PUEBLA 17|1129
17|PUEBLA 17|1130
17|PUEBLA 17|1131
17|PUEBLA 17|1132
17|PUEBLA 17|1133
17|PUEBLA 17|1134
17|PUEBLA 17|1135
17|PUEBLA 17|1136
17|PUEBLA 17|1137
17|PUEBLA 17|1138
17|PUEBLA 17|1139
17|PUEBLA 17|1140
17|PUEBLA 17|1141
17|PUEBLA 17|1142
17|PUEBLA 17|1143
17|PUEBLA 17|1144
17|PUEBLA 17|1145
17|PUEBLA 17|1146
17|PUEBLA 17|1147
17|PUEBLA 17|1148
17|PUEBLA 17|1149
17|PUEBLA 17|1150
17|PUEBLA 17|1151
17|PUEBLA 17|1152
17|PUEBLA 17|1153
17|PUEBLA 17|1154
17|PUEBLA 17|1155
17|PUEBLA 17|1156
17|PUEBLA 17|1157
17|PUEBLA 17|1158
17|PUEBLA 17|1159
17|PUEBLA 17|1160
17|PUEBLA 17|1161
17|PUEBLA 17|1162
17|PUEBLA 17|1163
17|PUEBLA 17|1164
17|PUEBLA 17|1165
17|PUEBLA 17|1166
17|PUEBLA 17|1167
17|PUEBLA 17|1168
17|PUEBLA 17|1169
17|PUEBLA 17|1170
17|PUEBLA 17|1171
17|PUEBLA 17|1172
17|PUEBLA 17|1173
17|PUEBLA 17|1174
17|PUEBLA 17|1175
19|PUEBLA 19|1176
17|PUEBLA 17|1177
17|PUEBLA 17|1178
17|PUEBLA 17|1179
17|PUEBLA 17|1180
17|PUEBLA 17|1181
17|PUEBLA 17|1182
17|PUEBLA 17|1183
17|PUEBLA 17|1184
17|PUEBLA 17|1185
19|PUEBLA 19|1186
19|PUEBLA 19|1187
19|PUEBLA 19|1188
19|PUEBLA 19|1189
19|PUEBLA 19|1190
19|PUEBLA 19|1191
19|PUEBLA 19|1192
19|PUEBLA 19|1193
19|PUEBLA 19|1194
17|PUEBLA 17|1195
17|PUEBLA 17|1197
17|PUEBLA 17|1198
17|PUEBLA 17|1199
17|PUEBLA 17|1200
17|PUEBLA 17|1201
17|PUEBLA 17|1202
17|PUEBLA 17|1203
19|PUEBLA 19|1204
19|PUEBLA 19|1205
19|PUEBLA 19|1206
19|PUEBLA 19|1207
19|PUEBLA 19|1208
19|PUEBLA 19|1209
19|PUEBLA 19|1210
17|PUEBLA 17|1211
20|PUEBLA 20|1212
20|PUEBLA 20|1213
20|PUEBLA 20|1214
19|PUEBLA 19|1215
19|PUEBLA 19|1216
19|PUEBLA 19|1217
19|PUEBLA 19|1218
19|PUEBLA 19|1219
19|PUEBLA 19|1220
19|PUEBLA 19|1221
19|PUEBLA 19|1222
19|PUEBLA 19|1223
19|PUEBLA 19|1224
19|PUEBLA 19|1225
19|PUEBLA 19|1226
19|PUEBLA 19|1227
19|PUEBLA 19|1228
19|PUEBLA 19|1229
19|PUEBLA 19|1230
19|PUEBLA 19|1231
19|PUEBLA 19|1232
19|PUEBLA 19|1233
19|PUEBLA 19|1235
19|PUEBLA 19|1236
19|PUEBLA 19|1237
19|PUEBLA 19|1238
20|PUEBLA 20|1239
20|PUEBLA 20|1240
20|PUEBLA 20|1241
20|PUEBLA 20|1242
19|PUEBLA 19|1243
19|PUEBLA 19|1244
19|PUEBLA 19|1245
19|PUEBLA 19|1246
19|PUEBLA 19|1248
20|PUEBLA 20|1249
20|PUEBLA 20|1251
20|PUEBLA 20|1252
20|PUEBLA 20|1254
20|PUEBLA 20|1255
20|PUEBLA 20|1256
20|PUEBLA 20|1257
20|PUEBLA 20|1258
20|PUEBLA 20|1259
17|PUEBLA 17|1261
17|PUEBLA 17|1262
17|PUEBLA 17|1263
17|PUEBLA 17|1264
17|PUEBLA 17|1265
16|PUEBLA 16|1267
16|PUEBLA 16|1268
16|PUEBLA 16|1269
17|PUEBLA 17|1270
17|PUEBLA 17|1271
17|PUEBLA 17|1272
17|PUEBLA 17|1273
17|PUEBLA 17|1274
10|PUEBLA 10|1275
10|PUEBLA 10|1276
10|PUEBLA 10|1277
16|PUEBLA 16|1278
16|PUEBLA 16|1279
16|PUEBLA 16|1280
10|PUEBLA 10|1281
10|PUEBLA 10|1282
10|PUEBLA 10|1283
17|PUEBLA 17|1284
17|PUEBLA 17|1285
17|PUEBLA 17|1286
10|PUEBLA 10|1287
10|PUEBLA 10|1288
10|PUEBLA 10|1289
16|PUEBLA 16|1290
10|PUEBLA 10|1291
10|PUEBLA 10|1292
10|PUEBLA 10|1293
10|PUEBLA 10|1294
10|PUEBLA 10|1295
10|PUEBLA 10|1296
10|PUEBLA 10|1297
10|PUEBLA 10|1298
10|PUEBLA 10|1299
17|PUEBLA 17|1300
17|PUEBLA 17|1301
10|PUEBLA 10|1302
10|PUEBLA 10|1303
10|PUEBLA 10|1304
10|PUEBLA 10|1305
10|PUEBLA 10|1306
10|PUEBLA 10|1307
10|PUEBLA 10|1308
17|PUEBLA 17|1309
10|PUEBLA 10|1310
10|PUEBLA 10|1311
10|PUEBLA 10|1312
10|PUEBLA 10|1313
10|PUEBLA 10|1314
10|PUEBLA 10|1315
10|PUEBLA 10|1316
10|PUEBLA 10|1317
10|PUEBLA 10|1319
10|PUEBLA 10|1320
10|PUEBLA 10|1321
10|PUEBLA 10|1322
10|PUEBLA 10|1323
10|PUEBLA 10|1324
10|PUEBLA 10|1325
10|PUEBLA 10|1326
10|PUEBLA 10|1327
10|PUEBLA 10|1328
10|PUEBLA 10|1329
10|PUEBLA 10|1330
10|PUEBLA 10|1331
10|PUEBLA 10|1332
10|PUEBLA 10|1333
10|PUEBLA 10|1334
10|PUEBLA 10|1335
10|PUEBLA 10|1336
10|PUEBLA 10|1337
10|PUEBLA 10|1338
11|PUEBLA 11|1339
11|PUEBLA 11|1340
10|PUEBLA 10|1341
10|PUEBLA 10|1342
10|PUEBLA 10|1343
10|PUEBLA 10|1344
10|PUEBLA 10|1345
10|PUEBLA 10|1346
10|PUEBLA 10|1347
10|PUEBLA 10|1348
10|PUEBLA 10|1349
10|PUEBLA 10|1350
10|PUEBLA 10|1351
10|PUEBLA 10|1352
10|PUEBLA 10|1353
11|PUEBLA 11|1354
11|PUEBLA 11|1355
11|PUEBLA 11|1356
11|PUEBLA 11|1357
11|PUEBLA 11|1358
10|PUEBLA 10|1359
10|PUEBLA 10|1360
10|PUEBLA 10|1361
10|PUEBLA 10|1362
10|PUEBLA 10|1363
10|PUEBLA 10|1364
10|PUEBLA 10|1365
10|PUEBLA 10|1366
10|PUEBLA 10|1367
10|PUEBLA 10|1368
10|PUEBLA 10|1369
10|PUEBLA 10|1370
11|PUEBLA 11|1371
11|PUEBLA 11|1372
11|PUEBLA 11|1373
11|PUEBLA 11|1374
10|PUEBLA 10|1375
10|PUEBLA 10|1376
10|PUEBLA 10|1377
10|PUEBLA 10|1378
10|PUEBLA 10|1379
10|PUEBLA 10|1380
10|PUEBLA 10|1381
10|PUEBLA 10|1382
11|PUEBLA 11|1383
11|PUEBLA 11|1384
11|PUEBLA 11|1385
10|PUEBLA 10|1386
10|PUEBLA 10|1387
10|PUEBLA 10|1388
10|PUEBLA 10|1389
10|PUEBLA 10|1390
10|PUEBLA 10|1391
10|PUEBLA 10|1392
10|PUEBLA 10|1393
10|PUEBLA 10|1394
10|PUEBLA 10|1395
10|PUEBLA 10|1396
11|PUEBLA 11|1397
11|PUEBLA 11|1398
11|PUEBLA 11|1399
11|PUEBLA 11|1400
11|PUEBLA 11|1401
11|PUEBLA 11|1402
11|PUEBLA 11|1403
11|PUEBLA 11|1404
11|PUEBLA 11|1405
10|PUEBLA 10|1406
10|PUEBLA 10|1408
11|PUEBLA 11|1409
11|PUEBLA 11|1410
11|PUEBLA 11|1411
11|PUEBLA 11|1412
11|PUEBLA 11|1413
11|PUEBLA 11|1414
11|PUEBLA 11|1415
11|PUEBLA 11|1416
11|PUEBLA 11|1417
11|PUEBLA 11|1418
11|PUEBLA 11|1419
11|PUEBLA 11|1420
11|PUEBLA 11|1421
11|PUEBLA 11|1422
17|PUEBLA 17|1423
17|PUEBLA 17|1424
17|PUEBLA 17|1425
17|PUEBLA 17|1426
16|PUEBLA 16|1427
16|PUEBLA 16|1428
16|PUEBLA 16|1429
16|PUEBLA 16|1430
16|PUEBLA 16|1431
16|PUEBLA 16|1432
17|PUEBLA 17|1433
17|PUEBLA 17|1434
17|PUEBLA 17|1435
17|PUEBLA 17|1436
17|PUEBLA 17|1437
16|PUEBLA 16|1438
16|PUEBLA 16|1439
16|PUEBLA 16|1440
16|PUEBLA 16|1441
16|PUEBLA 16|1442
16|PUEBLA 16|1443
16|PUEBLA 16|1444
16|PUEBLA 16|1445
16|PUEBLA 16|1446
16|PUEBLA 16|1447
16|PUEBLA 16|1448
16|PUEBLA 16|1449
16|PUEBLA 16|1450
17|PUEBLA 17|1451
17|PUEBLA 17|1452
17|PUEBLA 17|1453
17|PUEBLA 17|1454
16|PUEBLA 16|1455
16|PUEBLA 16|1456
16|PUEBLA 16|1457
16|PUEBLA 16|1458
16|PUEBLA 16|1459
16|PUEBLA 16|1460
16|PUEBLA 16|1461
16|PUEBLA 16|1462
16|PUEBLA 16|1463
16|PUEBLA 16|1464
16|PUEBLA 16|1465
16|PUEBLA 16|1466
16|PUEBLA 16|1467
16|PUEBLA 16|1468
16|PUEBLA 16|1469
16|PUEBLA 16|1470
17|PUEBLA 17|1471
17|PUEBLA 17|1472
17|PUEBLA 17|1473
17|PUEBLA 17|1474
17|PUEBLA 17|1475
17|PUEBLA 17|1476
17|PUEBLA 17|1477
16|PUEBLA 16|1478
16|PUEBLA 16|1479
16|PUEBLA 16|1480
16|PUEBLA 16|1481
16|PUEBLA 16|1482
16|PUEBLA 16|1483
16|PUEBLA 16|1484
16|PUEBLA 16|1485
16|PUEBLA 16|1486
16|PUEBLA 16|1487
16|PUEBLA 16|1488
16|PUEBLA 16|1489
16|PUEBLA 16|1490
16|PUEBLA 16|1491
16|PUEBLA 16|1492
16|PUEBLA 16|1494
16|PUEBLA 16|1495
16|PUEBLA 16|1496
16|PUEBLA 16|1497
16|PUEBLA 16|1498
16|PUEBLA 16|1499
16|PUEBLA 16|1500
16|PUEBLA 16|1501
16|PUEBLA 16|1502
16|PUEBLA 16|1503
16|PUEBLA 16|1504
17|PUEBLA 17|1505
16|PUEBLA 16|1506
16|PUEBLA 16|1507
16|PUEBLA 16|1508
16|PUEBLA 16|1509
16|PUEBLA 16|1510
16|PUEBLA 16|1511
16|PUEBLA 16|1512
16|PUEBLA 16|1513
16|PUEBLA 16|1514
16|PUEBLA 16|1515
16|PUEBLA 16|1516
16|PUEBLA 16|1517
16|PUEBLA 16|1518
16|PUEBLA 16|1519
16|PUEBLA 16|1520
16|PUEBLA 16|1521
16|PUEBLA 16|1522
16|PUEBLA 16|1523
16|PUEBLA 16|1524
16|PUEBLA 16|1525
16|PUEBLA 16|1526
16|PUEBLA 16|1527
16|PUEBLA 16|1528
16|PUEBLA 16|1529
16|PUEBLA 16|1530
16|PUEBLA 16|1531
16|PUEBLA 16|1532
16|PUEBLA 16|1533
16|PUEBLA 16|1534
20|PUEBLA 20|1535
20|PUEBLA 20|1536
16|PUEBLA 16|1537
16|PUEBLA 16|1538
16|PUEBLA 16|1539
16|PUEBLA 16|1540
16|PUEBLA 16|1541
16|PUEBLA 16|1542
16|PUEBLA 16|1543
16|PUEBLA 16|1544
11|PUEBLA 11|1545
16|PUEBLA 16|1546
16|PUEBLA 16|1547
16|PUEBLA 16|1548
16|PUEBLA 16|1549
16|PUEBLA 16|1550
16|PUEBLA 16|1551
16|PUEBLA 16|1552
16|PUEBLA 16|1553
16|PUEBLA 16|1554
16|PUEBLA 16|1555
16|PUEBLA 16|1556
16|PUEBLA 16|1557
20|PUEBLA 20|1558
20|PUEBLA 20|1559
20|PUEBLA 20|1561
16|PUEBLA 16|1562
20|PUEBLA 20|1563
16|PUEBLA 16|1564
16|PUEBLA 16|1565
16|PUEBLA 16|1566
16|PUEBLA 16|1567
16|PUEBLA 16|1568
16|PUEBLA 16|1569
16|PUEBLA 16|1570
16|PUEBLA 16|1571
11|PUEBLA 11|1572
11|PUEBLA 11|1573
11|PUEBLA 11|1574
11|PUEBLA 11|1575
11|PUEBLA 11|1576
16|PUEBLA 16|1577
16|PUEBLA 16|1578
16|PUEBLA 16|1579
16|PUEBLA 16|1580
16|PUEBLA 16|1581
16|PUEBLA 16|1582
16|PUEBLA 16|1583
16|PUEBLA 16|1584
16|PUEBLA 16|1585
11|PUEBLA 11|1586
11|PUEBLA 11|1587
16|PUEBLA 16|1588
20|PUEBLA 20|1590
20|PUEBLA 20|1591
20|PUEBLA 20|1592
16|PUEBLA 16|1594
16|PUEBLA 16|1595
11|PUEBLA 11|1596
11|PUEBLA 11|1597
16|PUEBLA 16|1598
20|PUEBLA 20|1599
20|PUEBLA 20|1600
11|PUEBLA 11|1601
20|PUEBLA 20|1602
20|PUEBLA 20|1603
20|PUEBLA 20|1604
20|PUEBLA 20|1605
20|PUEBLA 20|1606
20|PUEBLA 20|1607
20|PUEBLA 20|1608
20|PUEBLA 20|1609
15|QUECHOLAC|1610
15|QUECHOLAC|1611
15|QUECHOLAC|1612
15|QUECHOLAC|1613
15|QUECHOLAC|1614
15|QUECHOLAC|1615
15|QUECHOLAC|1616
15|QUECHOLAC|1617
15|QUECHOLAC|1618
15|QUECHOLAC|1619
15|QUECHOLAC|1620
15|QUECHOLAC|1621
15|QUECHOLAC|1622
15|QUECHOLAC|1623
15|QUECHOLAC|1624
15|QUECHOLAC|1625
5|QUIMIXTLAN|1626
5|QUIMIXTLAN|1627
5|QUIMIXTLAN|1628
5|QUIMIXTLAN|1629
5|QUIMIXTLAN|1630
5|QUIMIXTLAN|1631
5|QUIMIXTLAN|1632
5|QUIMIXTLAN|1633
5|QUIMIXTLAN|1634
5|QUIMIXTLAN|1635
14|RAFAEL LARA GRAJALES|1636
14|RAFAEL LARA GRAJALES|1637
14|RAFAEL LARA GRAJALES|1638
14|RAFAEL LARA GRAJALES|1639
14|RAFAEL LARA GRAJALES|1640
14|RAFAEL LARA GRAJALES|1641
14|RAFAEL LARA GRAJALES|1642
13|LOS REYES DE JUAREZ|1643
13|LOS REYES DE JUAREZ|1644
13|LOS REYES DE JUAREZ|1645
13|LOS REYES DE JUAREZ|1646
13|LOS REYES DE JUAREZ|1647
13|LOS REYES DE JUAREZ|1648
13|LOS REYES DE JUAREZ|1649
18|SAN ANDRES CHOLULA|1651
18|SAN ANDRES CHOLULA|1652
18|SAN ANDRES CHOLULA|1653
18|SAN ANDRES CHOLULA|1654
18|SAN ANDRES CHOLULA|1655
18|SAN ANDRES CHOLULA|1656
18|SAN ANDRES CHOLULA|1657
18|SAN ANDRES CHOLULA|1658
18|SAN ANDRES CHOLULA|1659
18|SAN ANDRES CHOLULA|1660
18|SAN ANDRES CHOLULA|1661
18|SAN ANDRES CHOLULA|1662
18|SAN ANDRES CHOLULA|1663
18|SAN ANDRES CHOLULA|1665
18|SAN ANDRES CHOLULA|1666
18|SAN ANDRES CHOLULA|1667
18|SAN ANDRES CHOLULA|1668
18|SAN ANDRES CHOLULA|1669
18|SAN ANDRES CHOLULA|1670
18|SAN ANDRES CHOLULA|1671
26|SAN ANTONIO CAÑADA|1672
26|SAN ANTONIO CAÑADA|1673
23|SAN DIEGO LA MESA TOCHIMILTZINGO|1674
23|SAN DIEGO LA MESA TOCHIMILTZINGO|1675
23|SAN DIEGO LA MESA TOCHIMILTZINGO|1676
7|SAN FELIPE TEOTLALCINGO|1677
7|SAN FELIPE TEOTLALCINGO|1678
7|SAN FELIPE TEOTLALCINGO|1679
7|SAN FELIPE TEOTLALCINGO|1680
7|SAN FELIPE TEOTLALCINGO|1681
3|SAN FELIPE TEPATLAN|1682
3|SAN FELIPE TEPATLAN|1683
3|SAN FELIPE TEPATLAN|1684
26|SAN GABRIEL CHILAC|1685
26|SAN GABRIEL CHILAC|1686
26|SAN GABRIEL CHILAC|1687
26|SAN GABRIEL CHILAC|1688
26|SAN GABRIEL CHILAC|1689
26|SAN GABRIEL CHILAC|1690
21|SAN GREGORIO ATZOMPA|1691
21|SAN GREGORIO ATZOMPA|1692
21|SAN GREGORIO ATZOMPA|1693
21|SAN GREGORIO ATZOMPA|1694
21|SAN JERONIMO TECUANIPAN|1695
21|SAN JERONIMO TECUANIPAN|1696
21|SAN JERONIMO TECUANIPAN|1697
23|SAN JERONIMO XAYACATLAN|1698
23|SAN JERONIMO XAYACATLAN|1699
23|SAN JERONIMO XAYACATLAN|1700
23|SAN JERONIMO XAYACATLAN|1701
14|SAN JOSE CHIAPA|1702
14|SAN JOSE CHIAPA|1703
14|SAN JOSE CHIAPA|1704
14|SAN JOSE CHIAPA|1705
14|SAN JOSE CHIAPA|1706
14|SAN JOSE CHIAPA|1707
26|SAN JOSE MIAHUATLAN|1708
26|SAN JOSE MIAHUATLAN|1709
26|SAN JOSE MIAHUATLAN|1710
26|SAN JOSE MIAHUATLAN|1711
26|SAN JOSE MIAHUATLAN|1712
26|SAN JOSE MIAHUATLAN|1713
26|SAN JOSE MIAHUATLAN|1714
14|SAN JUAN ATENCO|1715
14|SAN JUAN ATENCO|1716
14|SAN JUAN ATENCO|1717
14|SAN JUAN ATENCO|1718
23|SAN JUAN ATZOMPA|1719
7|SAN MARTIN TEXMELUCAN|1720
7|SAN MARTIN TEXMELUCAN|1721
7|SAN MARTIN TEXMELUCAN|1722
7|SAN MARTIN TEXMELUCAN|1723
7|SAN MARTIN TEXMELUCAN|1724
7|SAN MARTIN TEXMELUCAN|1725
7|SAN MARTIN TEXMELUCAN|1726
7|SAN MARTIN TEXMELUCAN|1727
7|SAN MARTIN TEXMELUCAN|1728
7|SAN MARTIN TEXMELUCAN|1729
7|SAN MARTIN TEXMELUCAN|1730
7|SAN MARTIN TEXMELUCAN|1731
7|SAN MARTIN TEXMELUCAN|1732
7|SAN MARTIN TEXMELUCAN|1733
7|SAN MARTIN TEXMELUCAN|1734
7|SAN MARTIN TEXMELUCAN|1735
7|SAN MARTIN TEXMELUCAN|1736
7|SAN MARTIN TEXMELUCAN|1737
7|SAN MARTIN TEXMELUCAN|1738
7|SAN MARTIN TEXMELUCAN|1739
7|SAN MARTIN TEXMELUCAN|1740
7|SAN MARTIN TEXMELUCAN|1741
7|SAN MARTIN TEXMELUCAN|1742
7|SAN MARTIN TEXMELUCAN|1743
7|SAN MARTIN TEXMELUCAN|1744
7|SAN MARTIN TEXMELUCAN|1745
7|SAN MARTIN TEXMELUCAN|1746
7|SAN MARTIN TEXMELUCAN|1747
7|SAN MARTIN TEXMELUCAN|1748
7|SAN MARTIN TEXMELUCAN|1749
7|SAN MARTIN TEXMELUCAN|1750
7|SAN MARTIN TEXMELUCAN|1751
7|SAN MARTIN TEXMELUCAN|1752
7|SAN MARTIN TEXMELUCAN|1753
7|SAN MARTIN TEXMELUCAN|1755
7|SAN MARTIN TEXMELUCAN|1757
7|SAN MARTIN TEXMELUCAN|1758
7|SAN MARTIN TEXMELUCAN|1759
7|SAN MARTIN TEXMELUCAN|1760
7|SAN MARTIN TEXMELUCAN|1761
7|SAN MARTIN TEXMELUCAN|1762
7|SAN MARTIN TEXMELUCAN|1763
7|SAN MARTIN TEXMELUCAN|1764
7|SAN MARTIN TEXMELUCAN|1765
7|SAN MARTIN TEXMELUCAN|1766
7|SAN MARTIN TEXMELUCAN|1767
7|SAN MARTIN TEXMELUCAN|1768
7|SAN MARTIN TEXMELUCAN|1769
7|SAN MARTIN TEXMELUCAN|1770
7|SAN MARTIN TEXMELUCAN|1771
7|SAN MARTIN TEXMELUCAN|1772
7|SAN MARTIN TEXMELUCAN|1773
23|SAN MARTIN TOTOLTEPEC|1774
7|SAN MATIAS TLALANCALECA|1775
7|SAN MATIAS TLALANCALECA|1776
7|SAN MATIAS TLALANCALECA|1777
7|SAN MATIAS TLALANCALECA|1778
7|SAN MATIAS TLALANCALECA|1779
7|SAN MATIAS TLALANCALECA|1780
7|SAN MATIAS TLALANCALECA|1781
7|SAN MATIAS TLALANCALECA|1782
7|SAN MATIAS TLALANCALECA|1783
23|SAN MIGUEL IXITLAN|1784
8|SAN MIGUEL XOXTLA|1785
8|SAN MIGUEL XOXTLA|1786
8|SAN MIGUEL XOXTLA|1787
8|SAN MIGUEL XOXTLA|1788
14|SAN NICOLAS BUENOS AIRES|1789
14|SAN NICOLAS BUENOS AIRES|1790
14|SAN NICOLAS BUENOS AIRES|1791
14|SAN NICOLAS BUENOS AIRES|1792
22|SAN NICOLAS DE LOS RANCHOS|1793
22|SAN NICOLAS DE LOS RANCHOS|1794
22|SAN NICOLAS DE LOS RANCHOS|1795
22|SAN NICOLAS DE LOS RANCHOS|1796
22|SAN NICOLAS DE LOS RANCHOS|1797
23|SAN PABLO ANICANO|1798
23|SAN PABLO ANICANO|1799
18|SAN PEDRO CHOLULA|1800
18|SAN PEDRO CHOLULA|1801
18|SAN PEDRO CHOLULA|1802
18|SAN PEDRO CHOLULA|1803
18|SAN PEDRO CHOLULA|1804
18|SAN PEDRO CHOLULA|1805
18|SAN PEDRO CHOLULA|1806
18|SAN PEDRO CHOLULA|1807
18|SAN PEDRO CHOLULA|1808
18|SAN PEDRO CHOLULA|1809
18|SAN PEDRO CHOLULA|1810
18|SAN PEDRO CHOLULA|1811
18|SAN PEDRO CHOLULA|1812
18|SAN PEDRO CHOLULA|1813
18|SAN PEDRO CHOLULA|1814
18|SAN PEDRO CHOLULA|1815
18|SAN PEDRO CHOLULA|1816
18|SAN PEDRO CHOLULA|1817
18|SAN PEDRO CHOLULA|1818
18|SAN PEDRO CHOLULA|1819
18|SAN PEDRO CHOLULA|1820
18|SAN PEDRO CHOLULA|1821
18|SAN PEDRO CHOLULA|1822
18|SAN PEDRO CHOLULA|1823
18|SAN PEDRO CHOLULA|1824
18|SAN PEDRO CHOLULA|1825
18|SAN PEDRO CHOLULA|1826
18|SAN PEDRO CHOLULA|1827
18|SAN PEDRO CHOLULA|1828
18|SAN PEDRO CHOLULA|1829
18|SAN PEDRO CHOLULA|1830
18|SAN PEDRO CHOLULA|1831
18|SAN PEDRO CHOLULA|1832
18|SAN PEDRO CHOLULA|1833
18|SAN PEDRO CHOLULA|1834
18|SAN PEDRO CHOLULA|1835
18|SAN PEDRO CHOLULA|1836
18|SAN PEDRO CHOLULA|1837
18|SAN PEDRO CHOLULA|1838
18|SAN PEDRO CHOLULA|1839
18|SAN PEDRO CHOLULA|1841
18|SAN PEDRO CHOLULA|1842
18|SAN PEDRO CHOLULA|1843
18|SAN PEDRO CHOLULA|1844
18|SAN PEDRO CHOLULA|1845
23|SAN PEDRO YELOIXTLAHUACA|1846
23|SAN PEDRO YELOIXTLAHUACA|1847
14|SAN SALVADOR EL SECO|1848
14|SAN SALVADOR EL SECO|1849
14|SAN SALVADOR EL SECO|1850
14|SAN SALVADOR EL SECO|1851
14|SAN SALVADOR EL SECO|1852
14|SAN SALVADOR EL SECO|1853
14|SAN SALVADOR EL SECO|1854
14|SAN SALVADOR EL SECO|1855
14|SAN SALVADOR EL SECO|1856
14|SAN SALVADOR EL SECO|1857
7|SAN SALVADOR EL VERDE|1858
7|SAN SALVADOR EL VERDE|1859
7|SAN SALVADOR EL VERDE|1860
7|SAN SALVADOR EL VERDE|1861
7|SAN SALVADOR EL VERDE|1862
7|SAN SALVADOR EL VERDE|1863
7|SAN SALVADOR EL VERDE|1864
7|SAN SALVADOR EL VERDE|1865
7|SAN SALVADOR EL VERDE|1866
7|SAN SALVADOR EL VERDE|1867
15|SAN SALVADOR HUIXCOLOTLA|1868
15|SAN SALVADOR HUIXCOLOTLA|1869
15|SAN SALVADOR HUIXCOLOTLA|1870
15|SAN SALVADOR HUIXCOLOTLA|1871
23|SANTA CATARINA TLALTEMPAN|1872
23|SANTA INES AHUATEMPAN|1873
23|SANTA INES AHUATEMPAN|1874
23|SANTA INES AHUATEMPAN|1875
23|SANTA INES AHUATEMPAN|1876
21|SANTA ISABEL CHOLULA|1877
21|SANTA ISABEL CHOLULA|1878
21|SANTA ISABEL CHOLULA|1879
21|SANTA ISABEL CHOLULA|1880
21|SANTA ISABEL CHOLULA|1881
25|SANTIAGO MIAHUATLAN|1882
25|SANTIAGO MIAHUATLAN|1883
25|SANTIAGO MIAHUATLAN|1884
25|SANTIAGO MIAHUATLAN|1885
25|SANTIAGO MIAHUATLAN|1886
25|SANTIAGO MIAHUATLAN|1887
13|SANTO TOMAS HUEYOTLIPAN|1888
13|SANTO TOMAS HUEYOTLIPAN|1889
13|SANTO TOMAS HUEYOTLIPAN|1890
14|SOLTEPEC|1891
14|SOLTEPEC|1892
14|SOLTEPEC|1893
14|SOLTEPEC|1894
14|SOLTEPEC|1895
14|SOLTEPEC|1896
12|TECALI DE HERRERA|1897
12|TECALI DE HERRERA|1898
12|TECALI DE HERRERA|1899
12|TECALI DE HERRERA|1900
12|TECALI DE HERRERA|1901
12|TECALI DE HERRERA|1902
12|TECALI DE HERRERA|1903
12|TECALI DE HERRERA|1904
12|TECALI DE HERRERA|1905
15|TECAMACHALCO|1906
15|TECAMACHALCO|1907
15|TECAMACHALCO|1908
15|TECAMACHALCO|1909
15|TECAMACHALCO|1910
15|TECAMACHALCO|1911
15|TECAMACHALCO|1912
15|TECAMACHALCO|1913
15|TECAMACHALCO|1914
15|TECAMACHALCO|1915
15|TECAMACHALCO|1916
15|TECAMACHALCO|1917
15|TECAMACHALCO|1918
15|TECAMACHALCO|1919
15|TECAMACHALCO|1920
15|TECAMACHALCO|1921
15|TECAMACHALCO|1922
15|TECAMACHALCO|1923
15|TECAMACHALCO|1924
15|TECAMACHALCO|1925
15|TECAMACHALCO|1927
15|TECAMACHALCO|1928
23|TECOMATLAN|1929
23|TECOMATLAN|1930
23|TECOMATLAN|1931
23|TECOMATLAN|1932
23|TECOMATLAN|1933
25|TEHUACAN B|1934
25|TEHUACAN B|1935
25|TEHUACAN B|1936
24|TEHUACAN B|1937
25|TEHUACAN B|1938
25|TEHUACAN B|1939
25|TEHUACAN B|1940
25|TEHUACAN B|1941
25|TEHUACAN B|1942
25|TEHUACAN B|1943
25|TEHUACAN B|1944
25|TEHUACAN B|1945
25|TEHUACAN B|1946
25|TEHUACAN B|1947
25|TEHUACAN B|1948
25|TEHUACAN B|1949
25|TEHUACAN B|1950
25|TEHUACAN B|1951
25|TEHUACAN B|1952
25|TEHUACAN B|1953
25|TEHUACAN B|1954
25|TEHUACAN B|1955
25|TEHUACAN B|1956
25|TEHUACAN B|1957
25|TEHUACAN B|1958
25|TEHUACAN B|1959
25|TEHUACAN B|1960
25|TEHUACAN B|1961
25|TEHUACAN B|1962
25|TEHUACAN B|1963
25|TEHUACAN B|1964
25|TEHUACAN B|1965
25|TEHUACAN B|1966
24|TEHUACAN B|1967
25|TEHUACAN B|1968
25|TEHUACAN B|1969
25|TEHUACAN B|1970
24|TEHUACAN B|1971
24|TEHUACAN B|1972
24|TEHUACAN B|1973
25|TEHUACAN B|1974
25|TEHUACAN B|1975
24|TEHUACAN B|1976
24|TEHUACAN B|1977
24|TEHUACAN B|1978
24|TEHUACAN B|1979
24|TEHUACAN B|1980
24|TEHUACAN B|1981
24|TEHUACAN B|1982
25|TEHUACAN B|1983
25|TEHUACAN B|1984
25|TEHUACAN B|1985
25|TEHUACAN B|1986
25|TEHUACAN B|1987
24|TEHUACAN B|1988
24|TEHUACAN B|1989
24|TEHUACAN B|1990
24|TEHUACAN B|1991
24|TEHUACAN B|1992
24|TEHUACAN B|1993
24|TEHUACAN B|1994
24|TEHUACAN B|1995
24|TEHUACAN B|1996
24|TEHUACAN B|1997
24|TEHUACAN B|1998
24|TEHUACAN B|1999
25|TEHUACAN B|2000
24|TEHUACAN B|2001
24|TEHUACAN B|2002
24|TEHUACAN B|2003
24|TEHUACAN B|2004
24|TEHUACAN A|2007
25|TEHUACAN B|2008
25|TEHUACAN B|2009
25|TEHUACAN B|2010
25|TEHUACAN B|2011
24|TEHUACAN A|2012
24|TEHUACAN A|2013
24|TEHUACAN A|2014
24|TEHUACAN A|2015
24|TEHUACAN A|2016
23|TEHUITZINGO|2017
23|TEHUITZINGO|2018
23|TEHUITZINGO|2019
23|TEHUITZINGO|2020
23|TEHUITZINGO|2021
23|TEHUITZINGO|2022
23|TEHUITZINGO|2023
23|TEHUITZINGO|2024
6|TENAMPULCO|2025
6|TENAMPULCO|2026
6|TENAMPULCO|2027
6|TENAMPULCO|2028
6|TENAMPULCO|2029
6|TENAMPULCO|2030
6|TENAMPULCO|2031
6|TENAMPULCO|2032
23|TEOPANTLAN|2033
23|TEOPANTLAN|2034
23|TEOPANTLAN|2035
23|TEOPANTLAN|2036
23|TEOPANTLAN|2037
23|TEOTLALCO|2038
23|TEOTLALCO|2039
23|TEOTLALCO|2040
23|TEOTLALCO|2041
24|TEPANCO DE LOPEZ|2042
24|TEPANCO DE LOPEZ|2043
24|TEPANCO DE LOPEZ|2044
24|TEPANCO DE LOPEZ|2045
24|TEPANCO DE LOPEZ|2046
24|TEPANCO DE LOPEZ|2047
24|TEPANCO DE LOPEZ|2048
3|TEPANGO DE RODRIGUEZ|2049
3|TEPANGO DE RODRIGUEZ|2050
12|TEPATLAXCO DE HIDALGO|2051
12|TEPATLAXCO DE HIDALGO|2052
12|TEPATLAXCO DE HIDALGO|2053
12|TEPATLAXCO DE HIDALGO|2054
12|TEPATLAXCO DE HIDALGO|2055
12|TEPATLAXCO DE HIDALGO|2056
12|TEPATLAXCO DE HIDALGO|2057
13|TEPEACA|2058
13|TEPEACA|2059
13|TEPEACA|2060
13|TEPEACA|2061
13|TEPEACA|2062
13|TEPEACA|2063
13|TEPEACA|2064
13|TEPEACA|2065
13|TEPEACA|2066
13|TEPEACA|2067
13|TEPEACA|2068
13|TEPEACA|2069
13|TEPEACA|2070
13|TEPEACA|2071
13|TEPEACA|2072
13|TEPEACA|2073
13|TEPEACA|2074
13|TEPEACA|2075
13|TEPEACA|2076
13|TEPEACA|2077
13|TEPEACA|2078
13|TEPEACA|2079
13|TEPEACA|2080
13|TEPEACA|2081
22|TEPEMAXALCO|2082
22|TEPEOJUMA|2083
22|TEPEOJUMA|2084
22|TEPEOJUMA|2085
22|TEPEOJUMA|2086
22|TEPEOJUMA|2087
22|TEPEOJUMA|2088
3|TEPETZINTLA|2089
3|TEPETZINTLA|2090
3|TEPETZINTLA|2091
3|TEPETZINTLA|2092
3|TEPETZINTLA|2093
3|TEPETZINTLA|2094
22|TEPEXCO|2095
22|TEPEXCO|2096
22|TEPEXCO|2097
23|TEPEXI DE RODRIGUEZ|2098
23|TEPEXI DE RODRIGUEZ|2099
23|TEPEXI DE RODRIGUEZ|2100
23|TEPEXI DE RODRIGUEZ|2101
23|TEPEXI DE RODRIGUEZ|2102
23|TEPEXI DE RODRIGUEZ|2103
23|TEPEXI DE RODRIGUEZ|2104
23|TEPEXI DE RODRIGUEZ|2105
23|TEPEXI DE RODRIGUEZ|2106
23|TEPEXI DE RODRIGUEZ|2107
23|TEPEXI DE RODRIGUEZ|2108
5|TEPEYAHUALCO|2109
5|TEPEYAHUALCO|2110
5|TEPEYAHUALCO|2111
5|TEPEYAHUALCO|2112
5|TEPEYAHUALCO|2113
5|TEPEYAHUALCO|2114
5|TEPEYAHUALCO|2115
13|TEPEYAHUALCO DE CUAUHTEMOC|2116
3|TETELA DE OCAMPO|2117
3|TETELA DE OCAMPO|2118
3|TETELA DE OCAMPO|2119
3|TETELA DE OCAMPO|2120
3|TETELA DE OCAMPO|2121
3|TETELA DE OCAMPO|2122
3|TETELA DE OCAMPO|2123
3|TETELA DE OCAMPO|2124
3|TETELA DE OCAMPO|2125
3|TETELA DE OCAMPO|2126
3|TETELA DE OCAMPO|2127
3|TETELA DE OCAMPO|2128
3|TETELA DE OCAMPO|2129
3|TETELA DE OCAMPO|2130
3|TETELA DE OCAMPO|2131
6|TETELES DE AVILA CASTILLO|2132
6|TETELES DE AVILA CASTILLO|2133
6|TEZIUTLAN|2134
6|TEZIUTLAN|2135
6|TEZIUTLAN|2136
6|TEZIUTLAN|2137
6|TEZIUTLAN|2138
6|TEZIUTLAN|2139
6|TEZIUTLAN|2140
6|TEZIUTLAN|2141
6|TEZIUTLAN|2142
6|TEZIUTLAN|2143
6|TEZIUTLAN|2144
6|TEZIUTLAN|2145
6|TEZIUTLAN|2146
6|TEZIUTLAN|2147
6|TEZIUTLAN|2148
6|TEZIUTLAN|2149
6|TEZIUTLAN|2150
6|TEZIUTLAN|2151
6|TEZIUTLAN|2152
6|TEZIUTLAN|2153
6|TEZIUTLAN|2154
6|TEZIUTLAN|2155
6|TEZIUTLAN|2156
6|TEZIUTLAN|2157
6|TEZIUTLAN|2158
6|TEZIUTLAN|2159
6|TEZIUTLAN|2160
6|TEZIUTLAN|2161
6|TEZIUTLAN|2162
6|TEZIUTLAN|2163
6|TEZIUTLAN|2164
6|TEZIUTLAN|2165
6|TEZIUTLAN|2166
6|TEZIUTLAN|2167
6|TEZIUTLAN|2168
6|TEZIUTLAN|2169
6|TEZIUTLAN|2170
6|TEZIUTLAN|2171
6|TEZIUTLAN|2172
6|TEZIUTLAN|2173
6|TEZIUTLAN|2174
21|TIANGUISMANALCO|2175
21|TIANGUISMANALCO|2176
21|TIANGUISMANALCO|2177
21|TIANGUISMANALCO|2178
21|TIANGUISMANALCO|2179
21|TIANGUISMANALCO|2180
22|TILAPA|2181
22|TILAPA|2182
22|TILAPA|2183
24|TLACOTEPEC DE BENITO JUAREZ|2184
24|TLACOTEPEC DE BENITO JUAREZ|2185
24|TLACOTEPEC DE BENITO JUAREZ|2186
24|TLACOTEPEC DE BENITO JUAREZ|2187
24|TLACOTEPEC DE BENITO JUAREZ|2190
24|TLACOTEPEC DE BENITO JUAREZ|2191
24|TLACOTEPEC DE BENITO JUAREZ|2192
24|TLACOTEPEC DE BENITO JUAREZ|2193
24|TLACOTEPEC DE BENITO JUAREZ|2194
24|TLACOTEPEC DE BENITO JUAREZ|2195
24|TLACOTEPEC DE BENITO JUAREZ|2196
24|TLACOTEPEC DE BENITO JUAREZ|2197
24|TLACOTEPEC DE BENITO JUAREZ|2198
24|TLACOTEPEC DE BENITO JUAREZ|2199
24|TLACOTEPEC DE BENITO JUAREZ|2200
26|SAN SEBASTIAN TLACOTEPEC|2201
26|SAN SEBASTIAN TLACOTEPEC|2202
26|SAN SEBASTIAN TLACOTEPEC|2203
26|SAN SEBASTIAN TLACOTEPEC|2204
26|SAN SEBASTIAN TLACOTEPEC|2205
26|SAN SEBASTIAN TLACOTEPEC|2206
26|SAN SEBASTIAN TLACOTEPEC|2207
26|SAN SEBASTIAN TLACOTEPEC|2208
1|TLACUILOTEPEC|2209
1|TLACUILOTEPEC|2210
1|TLACUILOTEPEC|2211
1|TLACUILOTEPEC|2212
1|TLACUILOTEPEC|2213
1|TLACUILOTEPEC|2214
1|TLACUILOTEPEC|2215
1|TLACUILOTEPEC|2216
1|TLACUILOTEPEC|2217
1|TLACUILOTEPEC|2218
5|TLACHICHUCA|2219
5|TLACHICHUCA|2220
5|TLACHICHUCA|2221
5|TLACHICHUCA|2222
5|TLACHICHUCA|2223
5|TLACHICHUCA|2224
5|TLACHICHUCA|2225
5|TLACHICHUCA|2226
5|TLACHICHUCA|2227
5|TLACHICHUCA|2228
5|TLACHICHUCA|2229
5|TLACHICHUCA|2230
5|TLACHICHUCA|2231
5|TLACHICHUCA|2232
7|TLAHUAPAN|2233
7|TLAHUAPAN|2234
7|TLAHUAPAN|2235
7|TLAHUAPAN|2236
7|TLAHUAPAN|2237
7|TLAHUAPAN|2238
7|TLAHUAPAN|2239
7|TLAHUAPAN|2240
7|TLAHUAPAN|2241
7|TLAHUAPAN|2242
7|TLAHUAPAN|2243
7|TLAHUAPAN|2244
7|TLAHUAPAN|2245
7|TLAHUAPAN|2246
7|TLAHUAPAN|2247
8|TLALTENANGO|2248
8|TLALTENANGO|2249
8|TLALTENANGO|2250
13|TLANEPANTLA|2251
13|TLANEPANTLA|2252
2|TLAOLA|2253
2|TLAOLA|2254
2|TLAOLA|2255
2|TLAOLA|2256
2|TLAOLA|2257
2|TLAOLA|2258
2|TLAOLA|2259
2|TLAOLA|2260
2|TLAOLA|2261
1|TLAPACOYA|2262
1|TLAPACOYA|2263
1|TLAPACOYA|2264
1|TLAPACOYA|2265
1|TLAPACOYA|2266
22|TLAPANALA|2267
22|TLAPANALA|2268
22|TLAPANALA|2269
22|TLAPANALA|2270
22|TLAPANALA|2271
4|TLATLAUQUITEPEC|2272
4|TLATLAUQUITEPEC|2273
4|TLATLAUQUITEPEC|2274
4|TLATLAUQUITEPEC|2275
4|TLATLAUQUITEPEC|2276
4|TLATLAUQUITEPEC|2277
4|TLATLAUQUITEPEC|2278
4|TLATLAUQUITEPEC|2279
4|TLATLAUQUITEPEC|2280
4|TLATLAUQUITEPEC|2281
4|TLATLAUQUITEPEC|2282
4|TLATLAUQUITEPEC|2283
4|TLATLAUQUITEPEC|2284
4|TLATLAUQUITEPEC|2285
4|TLATLAUQUITEPEC|2287
4|TLATLAUQUITEPEC|2288
4|TLATLAUQUITEPEC|2289
4|TLATLAUQUITEPEC|2290
4|TLATLAUQUITEPEC|2291
4|TLATLAUQUITEPEC|2292
4|TLATLAUQUITEPEC|2293
4|TLATLAUQUITEPEC|2294
1|TLAXCO|2295
1|TLAXCO|2296
1|TLAXCO|2297
1|TLAXCO|2298
22|TOCHIMILCO|2299
22|TOCHIMILCO|2300
22|TOCHIMILCO|2301
22|TOCHIMILCO|2302
22|TOCHIMILCO|2303
22|TOCHIMILCO|2304
22|TOCHIMILCO|2305
22|TOCHIMILCO|2306
22|TOCHIMILCO|2307
22|TOCHIMILCO|2308
22|TOCHIMILCO|2309
13|TOCHTEPEC|2310
13|TOCHTEPEC|2311
13|TOCHTEPEC|2312
13|TOCHTEPEC|2313
13|TOCHTEPEC|2314
13|TOCHTEPEC|2315
13|TOCHTEPEC|2316
23|TOTOLTEPEC DE GUERRERO|2317
23|TOTOLTEPEC DE GUERRERO|2318
23|TULCINGO|2319
23|TULCINGO|2320
23|TULCINGO|2321
23|TULCINGO|2322
23|TULCINGO|2323
23|TULCINGO|2324
23|TULCINGO|2325
4|TUZAMAPAN DE GALEANA|2326
4|TUZAMAPAN DE GALEANA|2327
4|TUZAMAPAN DE GALEANA|2328
23|TZICATLACOYAN|2329
23|TZICATLACOYAN|2330
23|TZICATLACOYAN|2331
23|TZICATLACOYAN|2332
1|VENUSTIANO CARRANZA|2333
1|VENUSTIANO CARRANZA|2334
1|VENUSTIANO CARRANZA|2335
1|VENUSTIANO CARRANZA|2336
1|VENUSTIANO CARRANZA|2337
1|VENUSTIANO CARRANZA|2338
1|VENUSTIANO CARRANZA|2339
1|VENUSTIANO CARRANZA|2340
1|VENUSTIANO CARRANZA|2341
1|VENUSTIANO CARRANZA|2342
1|VENUSTIANO CARRANZA|2343
1|VENUSTIANO CARRANZA|2344
1|VENUSTIANO CARRANZA|2345
1|VENUSTIANO CARRANZA|2346
1|VENUSTIANO CARRANZA|2347
1|VENUSTIANO CARRANZA|2348
26|VICENTE GUERRERO|2349
26|VICENTE GUERRERO|2350
26|VICENTE GUERRERO|2351
26|VICENTE GUERRERO|2352
26|VICENTE GUERRERO|2353
26|VICENTE GUERRERO|2354
26|VICENTE GUERRERO|2355
26|VICENTE GUERRERO|2356
26|VICENTE GUERRERO|2357
26|VICENTE GUERRERO|2358
26|VICENTE GUERRERO|2359
23|XAYACATLAN DE BRAVO|2360
23|XAYACATLAN DE BRAVO|2361
1|XICOTEPEC|2362
1|XICOTEPEC|2363
1|XICOTEPEC|2364
1|XICOTEPEC|2365
1|XICOTEPEC|2366
1|XICOTEPEC|2367
1|XICOTEPEC|2368
1|XICOTEPEC|2369
1|XICOTEPEC|2370
1|XICOTEPEC|2371
1|XICOTEPEC|2372
1|XICOTEPEC|2373
1|XICOTEPEC|2374
1|XICOTEPEC|2375
1|XICOTEPEC|2376
1|XICOTEPEC|2377
1|XICOTEPEC|2378
1|XICOTEPEC|2379
1|XICOTEPEC|2380
1|XICOTEPEC|2381
1|XICOTEPEC|2382
1|XICOTEPEC|2383
1|XICOTEPEC|2384
1|XICOTEPEC|2385
1|XICOTEPEC|2386
1|XICOTEPEC|2387
1|XICOTEPEC|2388
1|XICOTEPEC|2389
1|XICOTEPEC|2390
23|XICOTLAN|2391
23|XICOTLAN|2392
5|XIUTETELCO|2394
5|XIUTETELCO|2395
5|XIUTETELCO|2396
5|XIUTETELCO|2397
5|XIUTETELCO|2398
5|XIUTETELCO|2399
5|XIUTETELCO|2400
5|XIUTETELCO|2401
5|XIUTETELCO|2402
5|XIUTETELCO|2403
5|XIUTETELCO|2404
3|XOCHIAPULCO|2405
3|XOCHIAPULCO|2406
23|XOCHILTEPEC|2407
23|XOCHILTEPEC|2408
3|XOCHITLAN DE VICENTE SUAREZ|2409
3|XOCHITLAN DE VICENTE SUAREZ|2410
3|XOCHITLAN DE VICENTE SUAREZ|2411
3|XOCHITLAN DE VICENTE SUAREZ|2412
24|XOCHITLAN TODOS SANTOS|2413
24|XOCHITLAN TODOS SANTOS|2414
24|XOCHITLAN TODOS SANTOS|2415
4|YAONAHUAC|2416
4|YAONAHUAC|2417
4|YAONAHUAC|2418
4|YAONAHUAC|2419
15|YEHUALTEPEC|2420
15|YEHUALTEPEC|2421
15|YEHUALTEPEC|2422
15|YEHUALTEPEC|2423
15|YEHUALTEPEC|2424
15|YEHUALTEPEC|2425
15|YEHUALTEPEC|2426
15|YEHUALTEPEC|2427
15|YEHUALTEPEC|2428
23|ZACAPALA|2429
23|ZACAPALA|2430
23|ZACAPALA|2431
23|ZACAPALA|2432
4|ZACAPOAXTLA|2433
4|ZACAPOAXTLA|2434
4|ZACAPOAXTLA|2435
4|ZACAPOAXTLA|2436
4|ZACAPOAXTLA|2437
4|ZACAPOAXTLA|2438
4|ZACAPOAXTLA|2439
4|ZACAPOAXTLA|2440
4|ZACAPOAXTLA|2441
4|ZACAPOAXTLA|2442
4|ZACAPOAXTLA|2443
4|ZACAPOAXTLA|2444
4|ZACAPOAXTLA|2445
4|ZACAPOAXTLA|2446
4|ZACAPOAXTLA|2447
4|ZACAPOAXTLA|2448
4|ZACAPOAXTLA|2449
4|ZACAPOAXTLA|2450
4|ZACAPOAXTLA|2451
4|ZACAPOAXTLA|2452
4|ZACAPOAXTLA|2453
4|ZACAPOAXTLA|2454
4|ZACAPOAXTLA|2455
4|ZACAPOAXTLA|2456
4|ZACAPOAXTLA|2457
4|ZACAPOAXTLA|2458
4|ZACAPOAXTLA|2459
2|ZACATLAN|2460
2|ZACATLAN|2461
2|ZACATLAN|2462
2|ZACATLAN|2463
2|ZACATLAN|2464
2|ZACATLAN|2465
2|ZACATLAN|2466
2|ZACATLAN|2467
2|ZACATLAN|2468
2|ZACATLAN|2469
2|ZACATLAN|2470
2|ZACATLAN|2471
2|ZACATLAN|2472
2|ZACATLAN|2473
2|ZACATLAN|2474
2|ZACATLAN|2475
2|ZACATLAN|2476
2|ZACATLAN|2477
2|ZACATLAN|2478
2|ZACATLAN|2479
2|ZACATLAN|2480
2|ZACATLAN|2481
2|ZACATLAN|2482
2|ZACATLAN|2483
2|ZACATLAN|2484
2|ZACATLAN|2485
2|ZACATLAN|2486
2|ZACATLAN|2487
2|ZACATLAN|2488
2|ZACATLAN|2489
24|ZAPOTITLAN|2490
24|ZAPOTITLAN|2491
24|ZAPOTITLAN|2492
24|ZAPOTITLAN|2493
24|ZAPOTITLAN|2494
24|ZAPOTITLAN|2495
24|ZAPOTITLAN|2496
24|ZAPOTITLAN|2497
24|ZAPOTITLAN|2498
3|ZAPOTITLAN DE MENDEZ|2499
3|ZAPOTITLAN DE MENDEZ|2500
3|ZAPOTITLAN DE MENDEZ|2501
4|ZARAGOZA|2502
4|ZARAGOZA|2503
4|ZARAGOZA|2504
4|ZARAGOZA|2505
4|ZARAGOZA|2506
4|ZARAGOZA|2507
3|ZAUTLA|2508
3|ZAUTLA|2509
3|ZAUTLA|2510
3|ZAUTLA|2511
3|ZAUTLA|2512
3|ZAUTLA|2513
3|ZAUTLA|2514
3|ZAUTLA|2515
3|ZAUTLA|2516
3|ZAUTLA|2517
3|ZAUTLA|2518
3|ZAUTLA|2519
1|ZIHUATEUTLA|2520
1|ZIHUATEUTLA|2521
1|ZIHUATEUTLA|2522
1|ZIHUATEUTLA|2523
1|ZIHUATEUTLA|2524
1|ZIHUATEUTLA|2525
1|ZIHUATEUTLA|2526
26|ZINACATEPEC|2527
26|ZINACATEPEC|2528
26|ZINACATEPEC|2529
26|ZINACATEPEC|2530
26|ZINACATEPEC|2531
26|ZINACATEPEC|2532
3|ZONGOZOTLA|2533
3|ZONGOZOTLA|2534
4|ZOQUIAPAN|2535
4|ZOQUIAPAN|2536
26|ZOQUITLAN|2537
26|ZOQUITLAN|2538
26|ZOQUITLAN|2539
26|ZOQUITLAN|2540
26|ZOQUITLAN|2541
26|ZOQUITLAN|2542
26|ZOQUITLAN|2543
26|ZOQUITLAN|2544
26|ZOQUITLAN|2545
26|ZOQUITLAN|2546
26|ZOQUITLAN|2547
26|ZOQUITLAN|2548
9|CUAUTLANCINGO|2549
12|PUEBLA 12|2550
19|PUEBLA 19|2551
19|PUEBLA 19|2552
19|PUEBLA 19|2553
19|PUEBLA 19|2554
19|PUEBLA 19|2555
19|PUEBLA 19|2556
19|PUEBLA 19|2557
19|PUEBLA 19|2558
19|PUEBLA 19|2559
19|PUEBLA 19|2560
19|PUEBLA 19|2561
19|PUEBLA 19|2562
20|PUEBLA 20|2563
20|PUEBLA 20|2564
19|PUEBLA 19|2565
19|PUEBLA 19|2566
19|PUEBLA 19|2567
19|PUEBLA 19|2568
19|PUEBLA 19|2569
19|PUEBLA 19|2570
19|PUEBLA 19|2571
19|PUEBLA 19|2572
19|PUEBLA 19|2573
19|PUEBLA 19|2574
19|PUEBLA 19|2575
19|PUEBLA 19|2576
19|PUEBLA 19|2577
19|PUEBLA 19|2578
19|PUEBLA 19|2579
19|PUEBLA 19|2580
19|PUEBLA 19|2581
19|PUEBLA 19|2582
20|PUEBLA 20|2583
20|PUEBLA 20|2584
20|PUEBLA 20|2585
20|PUEBLA 20|2586
20|PUEBLA 20|2587
20|PUEBLA 20|2588
20|PUEBLA 20|2589
20|PUEBLA 20|2590
20|PUEBLA 20|2591
20|PUEBLA 20|2592
20|PUEBLA 20|2593
20|PUEBLA 20|2594
20|PUEBLA 20|2595
20|PUEBLA 20|2596
20|PUEBLA 20|2597
20|PUEBLA 20|2598
20|PUEBLA 20|2599
20|PUEBLA 20|2600
20|PUEBLA 20|2601
20|PUEBLA 20|2602
20|PUEBLA 20|2603
20|PUEBLA 20|2604
20|PUEBLA 20|2605
20|PUEBLA 20|2606
20|PUEBLA 20|2607
20|PUEBLA 20|2608
20|PUEBLA 20|2609
20|PUEBLA 20|2610
20|PUEBLA 20|2611
20|PUEBLA 20|2612
20|PUEBLA 20|2613
20|PUEBLA 20|2614
20|PUEBLA 20|2615
20|PUEBLA 20|2616
20|PUEBLA 20|2617
20|PUEBLA 20|2618
20|PUEBLA 20|2619
20|PUEBLA 20|2620
20|PUEBLA 20|2621
10|PUEBLA 10|2622
10|PUEBLA 10|2623
10|PUEBLA 10|2624
10|PUEBLA 10|2625
10|PUEBLA 10|2626
10|PUEBLA 10|2627
10|PUEBLA 10|2628
10|PUEBLA 10|2629
10|PUEBLA 10|2630
10|PUEBLA 10|2631
10|PUEBLA 10|2632
18|SAN ANDRES CHOLULA|2633
18|SAN ANDRES CHOLULA|2634
18|SAN ANDRES CHOLULA|2635
18|SAN ANDRES CHOLULA|2636
18|SAN ANDRES CHOLULA|2637
18|SAN ANDRES CHOLULA|2638
18|SAN ANDRES CHOLULA|2639
18|SAN ANDRES CHOLULA|2640
18|SAN ANDRES CHOLULA|2641
18|SAN ANDRES CHOLULA|2642
19|PUEBLA 19|2643
18|SAN ANDRES CHOLULA|2644
18|SAN ANDRES CHOLULA|2645
18|SAN ANDRES CHOLULA|2646
18|SAN ANDRES CHOLULA|2647
19|PUEBLA 19|2648
19|PUEBLA 19|2649
19|PUEBLA 19|2650
19|PUEBLA 19|2651
19|PUEBLA 19|2652
19|PUEBLA 19|2653
20|PUEBLA 20|2654
19|PUEBLA 19|2655
20|PUEBLA 20|2656
20|PUEBLA 20|2657
20|PUEBLA 20|2658
18|SAN ANDRES CHOLULA|2659
18|SAN ANDRES CHOLULA|2660
18|SAN ANDRES CHOLULA|2661
18|SAN ANDRES CHOLULA|2662
17|PUEBLA 17|2663
19|PUEBLA 19|2664
19|PUEBLA 19|2665
19|PUEBLA 19|2666
19|PUEBLA 19|2667
19|PUEBLA 19|2668
19|PUEBLA 19|2669
19|PUEBLA 19|2670
19|PUEBLA 19|2671
3|CHIGNAHUAPAN|2672
3|CHIGNAHUAPAN|2673
6|ATEMPAN|2674
6|ATEMPAN|2675
6|CHIGNAUTLA|2676
6|CHIGNAUTLA|2677
6|CHIGNAUTLA|2678
6|CHIGNAUTLA|2679
6|CHIGNAUTLA|2680
4|TLATLAUQUITEPEC|2681
4|TLATLAUQUITEPEC|2682
4|TLATLAUQUITEPEC|2683
26|AJALPAN|2684
26|AJALPAN|2685
26|AJALPAN|2686
26|AJALPAN|2687
12|ACAJETE|2688
12|ACAJETE|2689
13|CUAPIAXTLA DE MADERO|2690
13|CUAPIAXTLA DE MADERO|2691
12|CUAUTINCHAN|2692
12|CUAUTINCHAN|2693
12|CUAUTINCHAN|2694
12|CUAUTINCHAN|2695
13|LOS REYES DE JUAREZ|2696
13|LOS REYES DE JUAREZ|2697
20|PUEBLA 20|2698
20|PUEBLA 20|2699
20|PUEBLA 20|2700
23|ACATLAN|2701
23|ACATLAN|2702
15|TECAMACHALCO|2703
15|TECAMACHALCO|2704
24|TLACOTEPEC DE BENITO JUAREZ|2705
24|TLACOTEPEC DE BENITO JUAREZ|2706
24|TLACOTEPEC DE BENITO JUAREZ|2707
24|TLACOTEPEC DE BENITO JUAREZ|2708
24|TLACOTEPEC DE BENITO JUAREZ|2709
24|TLACOTEPEC DE BENITO JUAREZ|2710
1|FRANCISCO Z. MENA|2711
3|HERMENEGILDO GALEANA|2712
2|HUAUCHINANGO|2713
2|JUAN GALINDO|2714
1|PANTEPEC|2715
1|PANTEPEC|2716
1|TLACUILOTEPEC|2717
1|VENUSTIANO CARRANZA|2718
1|XICOTEPEC|2719
1|XICOTEPEC|2720
1|ZIHUATEUTLA|2721
3|CHIGNAHUAPAN|2722
3|HUITZILAN DE SERDAN|2723
3|IXTACAMAXTITLAN|2724
3|IXTACAMAXTITLAN|2725
3|TEPETZINTLA|2726
2|ZACATLAN|2727
6|ATEMPAN|2728
4|CUETZALAN DEL PROGRESO|2729
4|CUETZALAN DEL PROGRESO|2730
4|TLATLAUQUITEPEC|2731
4|TLATLAUQUITEPEC|2732
4|YAONAHUAC|2733
4|YAONAHUAC|2734
4|YAONAHUAC|2735
4|ZACAPOAXTLA|2736
4|ZACAPOAXTLA|2737
4|ZACAPOAXTLA|2738
4|ZACAPOAXTLA|2739
26|AJALPAN|2740
15|PALMAR DE BRAVO|2741
26|SAN SEBASTIAN TLACOTEPEC|2742
8|HUEJOTZINGO|2743
16|PUEBLA 16|2744
12|TECALI DE HERRERA|2745
14|MAZAPILTEPEC DE JUAREZ|2746
14|ORIENTAL|2747
14|SAN NICOLAS BUENOS AIRES|2748
5|XIUTETELCO|2749
5|XIUTETELCO|2750
5|XIUTETELCO|2751
8|CORONANGO|2752
18|SAN ANDRES CHOLULA|2753
20|PUEBLA 20|2754
17|PUEBLA 17|2755
16|PUEBLA 16|2756
22|CHIETLA|2757
23|CHIAUTLA|2758
23|TEHUITZINGO|2759
23|TULCINGO|2760
24|TEHUACAN A|2761
25|TEHUACAN B|2762
1|VENUSTIANO CARRANZA|2763
1|VENUSTIANO CARRANZA|2764
4|CUETZALAN DEL PROGRESO|2765
14|NOPALUCAN|2766
14|NOPALUCAN|2767
5|CHICHIQUILA|2768
7|SAN MARTIN TEXMELUCAN|2769
7|SAN MARTIN TEXMELUCAN|2770
7|SAN MARTIN TEXMELUCAN|2771
7|SAN MARTIN TEXMELUCAN|2772
7|SAN MARTIN TEXMELUCAN|2773
5|XIUTETELCO|2774
5|XIUTETELCO|2775
10|PUEBLA 10|2776
10|PUEBLA 10|2777
10|PUEBLA 10|2778
10|PUEBLA 10|2779
10|PUEBLA 10|2780
10|PUEBLA 10|2781
9|PUEBLA 09|2782
9|PUEBLA 09|2783
9|CUAUTLANCINGO|2784
9|CUAUTLANCINGO|2785
9|CUAUTLANCINGO|2786
18|SAN PEDRO CHOLULA|2787
18|SAN PEDRO CHOLULA|2788
18|SAN PEDRO CHOLULA|2789
18|SAN PEDRO CHOLULA|2790
18|SAN PEDRO CHOLULA|2791
16|PUEBLA 16|2792
16|PUEBLA 16|2793
20|PUEBLA 20|2794
20|PUEBLA 20|2795
20|PUEBLA 20|2796
20|PUEBLA 20|2797
20|PUEBLA 20|2798
17|PUEBLA 17|2799
17|PUEBLA 17|2800
24|TEHUACAN A|2801
24|TEHUACAN A|2802
24|TEHUACAN A|2803
24|TEHUACAN A|2804
24|TEHUACAN A|2805
24|TEHUACAN A|2806
24|TEHUACAN A|2807
